Id,Name,Ratings,Current_Price,Original_Price,Discount,Features
0,Canon R100 Mirrorless Camera RF,4.5,"₹44,990","₹64,995",30%,DIGIC 8 Image Processor
1,Canon EOS 200D II DSLR Camera EF,4.5,"₹52,990","₹68,995",23%,Vari-angle Touch Screen LCD
2,"dji Action 2 Power Combo Power Combo with Module, Magnetic Versatility, 4K Recording Upto 120 fps and ...",4.2,"₹14,990","₹44,990",66%, 12 MP4K1 Year Manufacturer Warranty
3,FUJIFILM Instax Treasure Box Mini 11 Instant Camera,4.4,"₹6,499","₹8,499",23%, AutomaticView Finder
4,FUJIFILM Instax Mini 11 Instant Camera,4.3,"₹5,999","₹7,999",25%, ManualView Finder
5,dji Osmo Action Action 4 Standard Combo Sports and Action Camera,4.5,"₹32,990","₹44,990",26%, 12 MP4K1 Year Warranty
6,Canon EOS 1500D DSLR Camera Body+ 18,4.5,"₹38,990","₹47,995",18%,Self-Timer
7,SONY Alpha ILCE,4.6,"₹61,489","₹75,990",19%,High-resolution 4K movie recording
8,GoPro HERO12 DualLCDScreens 5.3K60 UltraHDVideo HyperSmooth 6.0withAutoBoostWaterproof Sports and Acti...,4.1,"₹38,990","₹45,000",13%, 27 MP5K2 Years Warranty
9,dji OSMO Action 3 Standard Combo Sports and Action Camera,4.4,"₹22,990","₹34,999",34%, 12 MP4K1 Year Manufacturer Warranty
10,"Canon EOS 3000D DSLR Camera 1 Body, 18",4.4,"₹31,990","₹35,995",11%,Self-Timer
11,FUJIFILM Instax Mini 11 Instant Camera,4.3,"₹5,999","₹7,999",25%, ManualView Finder
12,dji OSMO Action 3 Adventure Combo Sports and Action Camera,4.4,"₹31,990","₹44,999",28%, 12 MP4K1 Year Manufacturer Warranty
13,SONY Alpha ILCE,4.6,"₹74,489","₹90,990",18%,4K movies and pro-level features
14,Insta360 Action Camera X3 Sports and Action Camera,4.4,"₹39,990","₹51,999",23%, 72 MPHDR1 Year Manufacturer Warranty
15,NIKON D7500 DSLR Camera Body with 18,4.6,"₹72,990","₹94,950",23%,4K UHD
16,DIGITEK GoCAM DAC,3.5,"₹8,999","₹14,995",39%, 48 MP5K1 year carry in warranty
17,DIGITEK GoCAM DAC,3.6,"₹6,499","₹10,995",40%, 24 MP4K1 year carry in warranty
18,Insta360 X4 Sports and Action Camera,4.4,"₹54,990","₹59,990",8%, 72 MPHDR1 Year Warranty
19,FUJIFILM Instax Treasure Box Mini 11 Instant Camera,4.4,"₹6,499","₹8,499",23%, AutomaticView Finder
20,SONY Alpha ILCE,4.6,"₹65,489","₹80,490",18%,4K movies and pro-level features
21,Henzila E99 TOY Drone,4,"₹2,499","₹9,999",75%, Professional DroneControl Range
22,FUJIFILM Instax Treasure Box Mini 11 Instant Camera,4.4,"₹6,499","₹8,499",23%, AutomaticView Finder
23,dji Osmo OSMO POCKET 2 Sports and Action Camera,4.3,"₹24,990","₹34,990",28%, 64 MP4K1 Year Warranty
24,Canon R100 Mirrorless Camera RF,4.5,"₹44,990","₹64,995",30%,DIGIC 8 Image Processor
25,Canon EOS 200D II DSLR Camera EF,4.5,"₹52,990","₹68,995",23%,Vari-angle Touch Screen LCD
26,"dji Action 2 Power Combo Power Combo with Module, Magnetic Versatility, 4K Recording Upto 120 fps and ...",4.2,"₹14,990","₹44,990",66%, 12 MP4K1 Year Manufacturer Warranty
27,FUJIFILM Instax Treasure Box Mini 11 Instant Camera,4.4,"₹6,499","₹8,499",23%, AutomaticView Finder
28,FUJIFILM Instax Mini 11 Instant Camera,4.3,"₹5,999","₹7,999",25%, ManualView Finder
29,dji Osmo Action Action 4 Standard Combo Sports and Action Camera,4.5,"₹32,990","₹44,990",26%, 12 MP4K1 Year Warranty
30,Canon EOS 1500D DSLR Camera Body+ 18,4.5,"₹38,990","₹47,995",18%,Self-Timer
31,SONY Alpha ILCE,4.6,"₹61,489","₹75,990",19%,High-resolution 4K movie recording
32,GoPro HERO12 DualLCDScreens 5.3K60 UltraHDVideo HyperSmooth 6.0withAutoBoostWaterproof Sports and Acti...,4.1,"₹38,990","₹45,000",13%, 27 MP5K2 Years Warranty
33,dji OSMO Action 3 Standard Combo Sports and Action Camera,4.4,"₹22,990","₹34,999",34%, 12 MP4K1 Year Manufacturer Warranty
34,"Canon EOS 3000D DSLR Camera 1 Body, 18",4.4,"₹31,990","₹35,995",11%,Self-Timer
35,FUJIFILM Instax Mini 11 Instant Camera,4.3,"₹5,999","₹7,999",25%, ManualView Finder
36,dji OSMO Action 3 Adventure Combo Sports and Action Camera,4.4,"₹31,990","₹44,999",28%, 12 MP4K1 Year Manufacturer Warranty
37,SONY Alpha ILCE,4.6,"₹74,489","₹90,990",18%,4K movies and pro-level features
38,Insta360 Action Camera X3 Sports and Action Camera,4.4,"₹39,990","₹51,999",23%, 72 MPHDR1 Year Manufacturer Warranty
39,NIKON D7500 DSLR Camera Body with 18,4.6,"₹72,990","₹94,950",23%,4K UHD
40,DIGITEK GoCAM DAC,3.5,"₹8,999","₹14,995",39%, 48 MP5K1 year carry in warranty
41,DIGITEK GoCAM DAC,3.6,"₹6,499","₹10,995",40%, 24 MP4K1 year carry in warranty
42,Insta360 X4 Sports and Action Camera,4.4,"₹54,990","₹59,990",8%, 72 MPHDR1 Year Warranty
43,FUJIFILM Instax Treasure Box Mini 11 Instant Camera,4.4,"₹6,499","₹8,499",23%, AutomaticView Finder
44,SONY Alpha ILCE,4.6,"₹65,489","₹80,490",18%,4K movies and pro-level features
45,Henzila E99 TOY Drone,4,"₹2,499","₹9,999",75%, Professional DroneControl Range
46,FUJIFILM Instax Treasure Box Mini 11 Instant Camera,4.4,"₹6,499","₹8,499",23%, AutomaticView Finder
47,dji Osmo OSMO POCKET 2 Sports and Action Camera,4.3,"₹24,990","₹34,990",28%, 64 MP4K1 Year Warranty
48,Canon R100 Mirrorless Camera RF,4.5,"₹44,990","₹64,995",30%,DIGIC 8 Image Processor
49,Canon EOS 200D II DSLR Camera EF,4.5,"₹52,990","₹68,995",23%,Vari-angle Touch Screen LCD
50,"dji Action 2 Power Combo Power Combo with Module, Magnetic Versatility, 4K Recording Upto 120 fps and ...",4.2,"₹14,990","₹44,990",66%, 12 MP4K1 Year Manufacturer Warranty
51,FUJIFILM Instax Treasure Box Mini 11 Instant Camera,4.4,"₹6,499","₹8,499",23%, AutomaticView Finder
52,FUJIFILM Instax Mini 11 Instant Camera,4.3,"₹5,999","₹7,999",25%, ManualView Finder
53,dji Osmo Action Action 4 Standard Combo Sports and Action Camera,4.5,"₹32,990","₹44,990",26%, 12 MP4K1 Year Warranty
54,Canon EOS 1500D DSLR Camera Body+ 18,4.5,"₹38,990","₹47,995",18%,Self-Timer
55,SONY Alpha ILCE,4.6,"₹61,489","₹75,990",19%,High-resolution 4K movie recording
56,GoPro HERO12 DualLCDScreens 5.3K60 UltraHDVideo HyperSmooth 6.0withAutoBoostWaterproof Sports and Acti...,4.1,"₹38,990","₹45,000",13%, 27 MP5K2 Years Warranty
57,dji OSMO Action 3 Standard Combo Sports and Action Camera,4.4,"₹22,990","₹34,999",34%, 12 MP4K1 Year Manufacturer Warranty
58,"Canon EOS 3000D DSLR Camera 1 Body, 18",4.4,"₹31,990","₹35,995",11%,Self-Timer
59,FUJIFILM Instax Mini 11 Instant Camera,4.3,"₹5,999","₹7,999",25%, ManualView Finder
60,dji OSMO Action 3 Adventure Combo Sports and Action Camera,4.4,"₹31,990","₹44,999",28%, 12 MP4K1 Year Manufacturer Warranty
61,SONY Alpha ILCE,4.6,"₹74,489","₹90,990",18%,4K movies and pro-level features
62,Insta360 Action Camera X3 Sports and Action Camera,4.4,"₹39,990","₹51,999",23%, 72 MPHDR1 Year Manufacturer Warranty
63,NIKON D7500 DSLR Camera Body with 18,4.6,"₹72,990","₹94,950",23%,4K UHD
64,DIGITEK GoCAM DAC,3.5,"₹8,999","₹14,995",39%, 48 MP5K1 year carry in warranty
65,DIGITEK GoCAM DAC,3.6,"₹6,499","₹10,995",40%, 24 MP4K1 year carry in warranty
66,Insta360 X4 Sports and Action Camera,4.4,"₹54,990","₹59,990",8%, 72 MPHDR1 Year Warranty
67,FUJIFILM Instax Treasure Box Mini 11 Instant Camera,4.4,"₹6,499","₹8,499",23%, AutomaticView Finder
68,SONY Alpha ILCE,4.6,"₹65,489","₹80,490",18%,4K movies and pro-level features
69,Henzila E99 TOY Drone,4,"₹2,499","₹9,999",75%, Professional DroneControl Range
70,FUJIFILM Instax Treasure Box Mini 11 Instant Camera,4.4,"₹6,499","₹8,499",23%, AutomaticView Finder
71,dji Osmo OSMO POCKET 2 Sports and Action Camera,4.3,"₹24,990","₹34,990",28%, 64 MP4K1 Year Warranty
72,Canon R100 Mirrorless Camera RF,4.5,"₹44,990","₹64,995",30%,DIGIC 8 Image Processor
73,Canon EOS 200D II DSLR Camera EF,4.5,"₹52,990","₹68,995",23%,Vari-angle Touch Screen LCD
74,"dji Action 2 Power Combo Power Combo with Module, Magnetic Versatility, 4K Recording Upto 120 fps and ...",4.2,"₹14,990","₹44,990",66%, 12 MP4K1 Year Manufacturer Warranty
75,FUJIFILM Instax Treasure Box Mini 11 Instant Camera,4.4,"₹6,499","₹8,499",23%, AutomaticView Finder
76,FUJIFILM Instax Mini 11 Instant Camera,4.3,"₹5,999","₹7,999",25%, ManualView Finder
77,dji Osmo Action Action 4 Standard Combo Sports and Action Camera,4.5,"₹32,990","₹44,990",26%, 12 MP4K1 Year Warranty
78,Canon EOS 1500D DSLR Camera Body+ 18,4.5,"₹38,990","₹47,995",18%,Self-Timer
79,SONY Alpha ILCE,4.6,"₹61,489","₹75,990",19%,High-resolution 4K movie recording
80,GoPro HERO12 DualLCDScreens 5.3K60 UltraHDVideo HyperSmooth 6.0withAutoBoostWaterproof Sports and Acti...,4.1,"₹38,990","₹45,000",13%, 27 MP5K2 Years Warranty
81,dji OSMO Action 3 Standard Combo Sports and Action Camera,4.4,"₹22,990","₹34,999",34%, 12 MP4K1 Year Manufacturer Warranty
82,"Canon EOS 3000D DSLR Camera 1 Body, 18",4.4,"₹31,990","₹35,995",11%,Self-Timer
83,FUJIFILM Instax Mini 11 Instant Camera,4.3,"₹5,999","₹7,999",25%, ManualView Finder
84,dji OSMO Action 3 Adventure Combo Sports and Action Camera,4.4,"₹31,990","₹44,999",28%, 12 MP4K1 Year Manufacturer Warranty
85,SONY Alpha ILCE,4.6,"₹74,489","₹90,990",18%,4K movies and pro-level features
86,Insta360 Action Camera X3 Sports and Action Camera,4.4,"₹39,990","₹51,999",23%, 72 MPHDR1 Year Manufacturer Warranty
87,NIKON D7500 DSLR Camera Body with 18,4.6,"₹72,990","₹94,950",23%,4K UHD
88,DIGITEK GoCAM DAC,3.5,"₹8,999","₹14,995",39%, 48 MP5K1 year carry in warranty
89,DIGITEK GoCAM DAC,3.6,"₹6,499","₹10,995",40%, 24 MP4K1 year carry in warranty
90,Insta360 X4 Sports and Action Camera,4.4,"₹54,990","₹59,990",8%, 72 MPHDR1 Year Warranty
91,FUJIFILM Instax Treasure Box Mini 11 Instant Camera,4.4,"₹6,499","₹8,499",23%, AutomaticView Finder
92,SONY Alpha ILCE,4.6,"₹65,489","₹80,490",18%,4K movies and pro-level features
93,Henzila E99 TOY Drone,4,"₹2,499","₹9,999",75%, Professional DroneControl Range
94,FUJIFILM Instax Treasure Box Mini 11 Instant Camera,4.4,"₹6,499","₹8,499",23%, AutomaticView Finder
95,dji Osmo OSMO POCKET 2 Sports and Action Camera,4.3,"₹24,990","₹34,990",28%, 64 MP4K1 Year Warranty
96,Canon R100 Mirrorless Camera RF,4.5,"₹44,990","₹64,995",30%,DIGIC 8 Image Processor
97,Canon EOS 200D II DSLR Camera EF,4.5,"₹52,990","₹68,995",23%,Vari-angle Touch Screen LCD
98,"dji Action 2 Power Combo Power Combo with Module, Magnetic Versatility, 4K Recording Upto 120 fps and ...",4.2,"₹14,990","₹44,990",66%, 12 MP4K1 Year Manufacturer Warranty
99,FUJIFILM Instax Treasure Box Mini 11 Instant Camera,4.4,"₹6,499","₹8,499",23%, AutomaticView Finder
100,FUJIFILM Instax Mini 11 Instant Camera,4.3,"₹5,999","₹7,999",25%, ManualView Finder
101,dji Osmo Action Action 4 Standard Combo Sports and Action Camera,4.5,"₹32,990","₹44,990",26%, 12 MP4K1 Year Warranty
102,Canon EOS 1500D DSLR Camera Body+ 18,4.5,"₹38,990","₹47,995",18%,Self-Timer
103,SONY Alpha ILCE,4.6,"₹61,489","₹75,990",19%,High-resolution 4K movie recording
104,GoPro HERO12 DualLCDScreens 5.3K60 UltraHDVideo HyperSmooth 6.0withAutoBoostWaterproof Sports and Acti...,4.1,"₹38,990","₹45,000",13%, 27 MP5K2 Years Warranty
105,dji OSMO Action 3 Standard Combo Sports and Action Camera,4.4,"₹22,990","₹34,999",34%, 12 MP4K1 Year Manufacturer Warranty
106,"Canon EOS 3000D DSLR Camera 1 Body, 18",4.4,"₹31,990","₹35,995",11%,Self-Timer
107,FUJIFILM Instax Mini 11 Instant Camera,4.3,"₹5,999","₹7,999",25%, ManualView Finder
108,dji OSMO Action 3 Adventure Combo Sports and Action Camera,4.4,"₹31,990","₹44,999",28%, 12 MP4K1 Year Manufacturer Warranty
109,SONY Alpha ILCE,4.6,"₹74,489","₹90,990",18%,4K movies and pro-level features
110,Insta360 Action Camera X3 Sports and Action Camera,4.4,"₹39,990","₹51,999",23%, 72 MPHDR1 Year Manufacturer Warranty
111,NIKON D7500 DSLR Camera Body with 18,4.6,"₹72,990","₹94,950",23%,4K UHD
112,DIGITEK GoCAM DAC,3.5,"₹8,999","₹14,995",39%, 48 MP5K1 year carry in warranty
113,DIGITEK GoCAM DAC,3.6,"₹6,499","₹10,995",40%, 24 MP4K1 year carry in warranty
114,Insta360 X4 Sports and Action Camera,4.4,"₹54,990","₹59,990",8%, 72 MPHDR1 Year Warranty
115,FUJIFILM Instax Treasure Box Mini 11 Instant Camera,4.4,"₹6,499","₹8,499",23%, AutomaticView Finder
116,SONY Alpha ILCE,4.6,"₹65,489","₹80,490",18%,4K movies and pro-level features
117,Henzila E99 TOY Drone,4,"₹2,499","₹9,999",75%, Professional DroneControl Range
118,FUJIFILM Instax Treasure Box Mini 11 Instant Camera,4.4,"₹6,499","₹8,499",23%, AutomaticView Finder
119,dji Osmo OSMO POCKET 2 Sports and Action Camera,4.3,"₹24,990","₹34,990",28%, 64 MP4K1 Year Warranty
120,Canon R100 Mirrorless Camera RF,4.5,"₹44,990","₹64,995",30%,DIGIC 8 Image Processor
121,Canon EOS 200D II DSLR Camera EF,4.5,"₹52,990","₹68,995",23%,Vari-angle Touch Screen LCD
122,"dji Action 2 Power Combo Power Combo with Module, Magnetic Versatility, 4K Recording Upto 120 fps and ...",4.2,"₹14,990","₹44,990",66%, 12 MP4K1 Year Manufacturer Warranty
123,FUJIFILM Instax Treasure Box Mini 11 Instant Camera,4.4,"₹6,499","₹8,499",23%, AutomaticView Finder
124,FUJIFILM Instax Mini 11 Instant Camera,4.3,"₹5,999","₹7,999",25%, ManualView Finder
125,dji Osmo Action Action 4 Standard Combo Sports and Action Camera,4.5,"₹32,990","₹44,990",26%, 12 MP4K1 Year Warranty
126,Canon EOS 1500D DSLR Camera Body+ 18,4.5,"₹38,990","₹47,995",18%,Self-Timer
127,SONY Alpha ILCE,4.6,"₹61,489","₹75,990",19%,High-resolution 4K movie recording
128,GoPro HERO12 DualLCDScreens 5.3K60 UltraHDVideo HyperSmooth 6.0withAutoBoostWaterproof Sports and Acti...,4.1,"₹38,990","₹45,000",13%, 27 MP5K2 Years Warranty
129,dji OSMO Action 3 Standard Combo Sports and Action Camera,4.4,"₹22,990","₹34,999",34%, 12 MP4K1 Year Manufacturer Warranty
130,"Canon EOS 3000D DSLR Camera 1 Body, 18",4.4,"₹31,990","₹35,995",11%,Self-Timer
131,FUJIFILM Instax Mini 11 Instant Camera,4.3,"₹5,999","₹7,999",25%, ManualView Finder
132,dji OSMO Action 3 Adventure Combo Sports and Action Camera,4.4,"₹31,990","₹44,999",28%, 12 MP4K1 Year Manufacturer Warranty
133,SONY Alpha ILCE,4.6,"₹74,489","₹90,990",18%,4K movies and pro-level features
134,Insta360 Action Camera X3 Sports and Action Camera,4.4,"₹39,990","₹51,999",23%, 72 MPHDR1 Year Manufacturer Warranty
135,NIKON D7500 DSLR Camera Body with 18,4.6,"₹72,990","₹94,950",23%,4K UHD
136,DIGITEK GoCAM DAC,3.5,"₹8,999","₹14,995",39%, 48 MP5K1 year carry in warranty
137,DIGITEK GoCAM DAC,3.6,"₹6,499","₹10,995",40%, 24 MP4K1 year carry in warranty
138,Insta360 X4 Sports and Action Camera,4.4,"₹54,990","₹59,990",8%, 72 MPHDR1 Year Warranty
139,FUJIFILM Instax Treasure Box Mini 11 Instant Camera,4.4,"₹6,499","₹8,499",23%, AutomaticView Finder
140,SONY Alpha ILCE,4.6,"₹65,489","₹80,490",18%,4K movies and pro-level features
141,Henzila E99 TOY Drone,4,"₹2,499","₹9,999",75%, Professional DroneControl Range
142,FUJIFILM Instax Treasure Box Mini 11 Instant Camera,4.4,"₹6,499","₹8,499",23%, AutomaticView Finder
143,dji Osmo OSMO POCKET 2 Sports and Action Camera,4.3,"₹24,990","₹34,990",28%, 64 MP4K1 Year Warranty
144,Canon R100 Mirrorless Camera RF,4.5,"₹44,990","₹64,995",30%,DIGIC 8 Image Processor
145,Canon EOS 200D II DSLR Camera EF,4.5,"₹52,990","₹68,995",23%,Vari-angle Touch Screen LCD
146,"dji Action 2 Power Combo Power Combo with Module, Magnetic Versatility, 4K Recording Upto 120 fps and ...",4.2,"₹14,990","₹44,990",66%, 12 MP4K1 Year Manufacturer Warranty
147,FUJIFILM Instax Treasure Box Mini 11 Instant Camera,4.4,"₹6,499","₹8,499",23%, AutomaticView Finder
148,FUJIFILM Instax Mini 11 Instant Camera,4.3,"₹5,999","₹7,999",25%, ManualView Finder
149,dji Osmo Action Action 4 Standard Combo Sports and Action Camera,4.5,"₹32,990","₹44,990",26%, 12 MP4K1 Year Warranty
150,Canon EOS 1500D DSLR Camera Body+ 18,4.5,"₹38,990","₹47,995",18%,Self-Timer
151,SONY Alpha ILCE,4.6,"₹61,489","₹75,990",19%,High-resolution 4K movie recording
152,GoPro HERO12 DualLCDScreens 5.3K60 UltraHDVideo HyperSmooth 6.0withAutoBoostWaterproof Sports and Acti...,4.1,"₹38,990","₹45,000",13%, 27 MP5K2 Years Warranty
153,dji OSMO Action 3 Standard Combo Sports and Action Camera,4.4,"₹22,990","₹34,999",34%, 12 MP4K1 Year Manufacturer Warranty
154,"Canon EOS 3000D DSLR Camera 1 Body, 18",4.4,"₹31,990","₹35,995",11%,Self-Timer
155,FUJIFILM Instax Mini 11 Instant Camera,4.3,"₹5,999","₹7,999",25%, ManualView Finder
156,dji OSMO Action 3 Adventure Combo Sports and Action Camera,4.4,"₹31,990","₹44,999",28%, 12 MP4K1 Year Manufacturer Warranty
157,SONY Alpha ILCE,4.6,"₹74,489","₹90,990",18%,4K movies and pro-level features
158,Insta360 Action Camera X3 Sports and Action Camera,4.4,"₹39,990","₹51,999",23%, 72 MPHDR1 Year Manufacturer Warranty
159,NIKON D7500 DSLR Camera Body with 18,4.6,"₹72,990","₹94,950",23%,4K UHD
160,DIGITEK GoCAM DAC,3.5,"₹8,999","₹14,995",39%, 48 MP5K1 year carry in warranty
161,DIGITEK GoCAM DAC,3.6,"₹6,499","₹10,995",40%, 24 MP4K1 year carry in warranty
162,Insta360 X4 Sports and Action Camera,4.4,"₹54,990","₹59,990",8%, 72 MPHDR1 Year Warranty
163,FUJIFILM Instax Treasure Box Mini 11 Instant Camera,4.4,"₹6,499","₹8,499",23%, AutomaticView Finder
164,SONY Alpha ILCE,4.6,"₹65,489","₹80,490",18%,4K movies and pro-level features
165,Henzila E99 TOY Drone,4,"₹2,499","₹9,999",75%, Professional DroneControl Range
166,FUJIFILM Instax Treasure Box Mini 11 Instant Camera,4.4,"₹6,499","₹8,499",23%, AutomaticView Finder
167,dji Osmo OSMO POCKET 2 Sports and Action Camera,4.3,"₹24,990","₹34,990",28%, 64 MP4K1 Year Warranty
168,Canon R100 Mirrorless Camera RF,4.5,"₹44,990","₹64,995",30%,DIGIC 8 Image Processor
169,Canon EOS 200D II DSLR Camera EF,4.5,"₹52,990","₹68,995",23%,Vari-angle Touch Screen LCD
170,"dji Action 2 Power Combo Power Combo with Module, Magnetic Versatility, 4K Recording Upto 120 fps and ...",4.2,"₹14,990","₹44,990",66%, 12 MP4K1 Year Manufacturer Warranty
171,FUJIFILM Instax Treasure Box Mini 11 Instant Camera,4.4,"₹6,499","₹8,499",23%, AutomaticView Finder
172,FUJIFILM Instax Mini 11 Instant Camera,4.3,"₹5,999","₹7,999",25%, ManualView Finder
173,dji Osmo Action Action 4 Standard Combo Sports and Action Camera,4.5,"₹32,990","₹44,990",26%, 12 MP4K1 Year Warranty
174,Canon EOS 1500D DSLR Camera Body+ 18,4.5,"₹38,990","₹47,995",18%,Self-Timer
175,SONY Alpha ILCE,4.6,"₹61,489","₹75,990",19%,High-resolution 4K movie recording
176,GoPro HERO12 DualLCDScreens 5.3K60 UltraHDVideo HyperSmooth 6.0withAutoBoostWaterproof Sports and Acti...,4.1,"₹38,990","₹45,000",13%, 27 MP5K2 Years Warranty
177,dji OSMO Action 3 Standard Combo Sports and Action Camera,4.4,"₹22,990","₹34,999",34%, 12 MP4K1 Year Manufacturer Warranty
178,"Canon EOS 3000D DSLR Camera 1 Body, 18",4.4,"₹31,990","₹35,995",11%,Self-Timer
179,FUJIFILM Instax Mini 11 Instant Camera,4.3,"₹5,999","₹7,999",25%, ManualView Finder
180,dji OSMO Action 3 Adventure Combo Sports and Action Camera,4.4,"₹31,990","₹44,999",28%, 12 MP4K1 Year Manufacturer Warranty
181,SONY Alpha ILCE,4.6,"₹74,489","₹90,990",18%,4K movies and pro-level features
182,Insta360 Action Camera X3 Sports and Action Camera,4.4,"₹39,990","₹51,999",23%, 72 MPHDR1 Year Manufacturer Warranty
183,NIKON D7500 DSLR Camera Body with 18,4.6,"₹72,990","₹94,950",23%,4K UHD
184,DIGITEK GoCAM DAC,3.5,"₹8,999","₹14,995",39%, 48 MP5K1 year carry in warranty
185,DIGITEK GoCAM DAC,3.6,"₹6,499","₹10,995",40%, 24 MP4K1 year carry in warranty
186,Insta360 X4 Sports and Action Camera,4.4,"₹54,990","₹59,990",8%, 72 MPHDR1 Year Warranty
187,FUJIFILM Instax Treasure Box Mini 11 Instant Camera,4.4,"₹6,499","₹8,499",23%, AutomaticView Finder
188,SONY Alpha ILCE,4.6,"₹65,489","₹80,490",18%,4K movies and pro-level features
189,Henzila E99 TOY Drone,4,"₹2,499","₹9,999",75%, Professional DroneControl Range
190,FUJIFILM Instax Treasure Box Mini 11 Instant Camera,4.4,"₹6,499","₹8,499",23%, AutomaticView Finder
191,dji Osmo OSMO POCKET 2 Sports and Action Camera,4.3,"₹24,990","₹34,990",28%, 64 MP4K1 Year Warranty
192,Canon R100 Mirrorless Camera RF,4.5,"₹44,990","₹64,995",30%,DIGIC 8 Image Processor
193,Canon EOS 200D II DSLR Camera EF,4.5,"₹52,990","₹68,995",23%,Vari-angle Touch Screen LCD
194,"dji Action 2 Power Combo Power Combo with Module, Magnetic Versatility, 4K Recording Upto 120 fps and ...",4.2,"₹14,990","₹44,990",66%, 12 MP4K1 Year Manufacturer Warranty
195,FUJIFILM Instax Treasure Box Mini 11 Instant Camera,4.4,"₹6,499","₹8,499",23%, AutomaticView Finder
196,FUJIFILM Instax Mini 11 Instant Camera,4.3,"₹5,999","₹7,999",25%, ManualView Finder
197,dji Osmo Action Action 4 Standard Combo Sports and Action Camera,4.5,"₹32,990","₹44,990",26%, 12 MP4K1 Year Warranty
198,Canon EOS 1500D DSLR Camera Body+ 18,4.5,"₹38,990","₹47,995",18%,Self-Timer
199,SONY Alpha ILCE,4.6,"₹61,489","₹75,990",19%,High-resolution 4K movie recording
200,GoPro HERO12 DualLCDScreens 5.3K60 UltraHDVideo HyperSmooth 6.0withAutoBoostWaterproof Sports and Acti...,4.1,"₹38,990","₹45,000",13%, 27 MP5K2 Years Warranty
201,dji OSMO Action 3 Standard Combo Sports and Action Camera,4.4,"₹22,990","₹34,999",34%, 12 MP4K1 Year Manufacturer Warranty
202,"Canon EOS 3000D DSLR Camera 1 Body, 18",4.4,"₹31,990","₹35,995",11%,Self-Timer
203,FUJIFILM Instax Mini 11 Instant Camera,4.3,"₹5,999","₹7,999",25%, ManualView Finder
204,dji OSMO Action 3 Adventure Combo Sports and Action Camera,4.4,"₹31,990","₹44,999",28%, 12 MP4K1 Year Manufacturer Warranty
205,SONY Alpha ILCE,4.6,"₹74,489","₹90,990",18%,4K movies and pro-level features
206,Insta360 Action Camera X3 Sports and Action Camera,4.4,"₹39,990","₹51,999",23%, 72 MPHDR1 Year Manufacturer Warranty
207,NIKON D7500 DSLR Camera Body with 18,4.6,"₹72,990","₹94,950",23%,4K UHD
208,DIGITEK GoCAM DAC,3.5,"₹8,999","₹14,995",39%, 48 MP5K1 year carry in warranty
209,DIGITEK GoCAM DAC,3.6,"₹6,499","₹10,995",40%, 24 MP4K1 year carry in warranty
210,Insta360 X4 Sports and Action Camera,4.4,"₹54,990","₹59,990",8%, 72 MPHDR1 Year Warranty
211,FUJIFILM Instax Treasure Box Mini 11 Instant Camera,4.4,"₹6,499","₹8,499",23%, AutomaticView Finder
212,SONY Alpha ILCE,4.6,"₹65,489","₹80,490",18%,4K movies and pro-level features
213,Henzila E99 TOY Drone,4,"₹2,499","₹9,999",75%, Professional DroneControl Range
214,FUJIFILM Instax Treasure Box Mini 11 Instant Camera,4.4,"₹6,499","₹8,499",23%, AutomaticView Finder
215,dji Osmo OSMO POCKET 2 Sports and Action Camera,4.3,"₹24,990","₹34,990",28%, 64 MP4K1 Year Warranty
216,Canon R100 Mirrorless Camera RF,4.5,"₹44,990","₹64,995",30%,DIGIC 8 Image Processor
217,Canon EOS 200D II DSLR Camera EF,4.5,"₹52,990","₹68,995",23%,Vari-angle Touch Screen LCD
218,"dji Action 2 Power Combo Power Combo with Module, Magnetic Versatility, 4K Recording Upto 120 fps and ...",4.2,"₹14,990","₹44,990",66%, 12 MP4K1 Year Manufacturer Warranty
219,FUJIFILM Instax Treasure Box Mini 11 Instant Camera,4.4,"₹6,499","₹8,499",23%, AutomaticView Finder
220,FUJIFILM Instax Mini 11 Instant Camera,4.3,"₹5,999","₹7,999",25%, ManualView Finder
221,dji Osmo Action Action 4 Standard Combo Sports and Action Camera,4.5,"₹32,990","₹44,990",26%, 12 MP4K1 Year Warranty
222,Canon EOS 1500D DSLR Camera Body+ 18,4.5,"₹38,990","₹47,995",18%,Self-Timer
223,SONY Alpha ILCE,4.6,"₹61,489","₹75,990",19%,High-resolution 4K movie recording
224,GoPro HERO12 DualLCDScreens 5.3K60 UltraHDVideo HyperSmooth 6.0withAutoBoostWaterproof Sports and Acti...,4.1,"₹38,990","₹45,000",13%, 27 MP5K2 Years Warranty
225,dji OSMO Action 3 Standard Combo Sports and Action Camera,4.4,"₹22,990","₹34,999",34%, 12 MP4K1 Year Manufacturer Warranty
226,"Canon EOS 3000D DSLR Camera 1 Body, 18",4.4,"₹31,990","₹35,995",11%,Self-Timer
227,FUJIFILM Instax Mini 11 Instant Camera,4.3,"₹5,999","₹7,999",25%, ManualView Finder
228,dji OSMO Action 3 Adventure Combo Sports and Action Camera,4.4,"₹31,990","₹44,999",28%, 12 MP4K1 Year Manufacturer Warranty
229,SONY Alpha ILCE,4.6,"₹74,489","₹90,990",18%,4K movies and pro-level features
230,Insta360 Action Camera X3 Sports and Action Camera,4.4,"₹39,990","₹51,999",23%, 72 MPHDR1 Year Manufacturer Warranty
231,NIKON D7500 DSLR Camera Body with 18,4.6,"₹72,990","₹94,950",23%,4K UHD
232,DIGITEK GoCAM DAC,3.5,"₹8,999","₹14,995",39%, 48 MP5K1 year carry in warranty
233,DIGITEK GoCAM DAC,3.6,"₹6,499","₹10,995",40%, 24 MP4K1 year carry in warranty
234,Insta360 X4 Sports and Action Camera,4.4,"₹54,990","₹59,990",8%, 72 MPHDR1 Year Warranty
235,FUJIFILM Instax Treasure Box Mini 11 Instant Camera,4.4,"₹6,499","₹8,499",23%, AutomaticView Finder
236,SONY Alpha ILCE,4.6,"₹65,489","₹80,490",18%,4K movies and pro-level features
237,Henzila E99 TOY Drone,4,"₹2,499","₹9,999",75%, Professional DroneControl Range
238,FUJIFILM Instax Treasure Box Mini 11 Instant Camera,4.4,"₹6,499","₹8,499",23%, AutomaticView Finder
239,dji Osmo OSMO POCKET 2 Sports and Action Camera,4.3,"₹24,990","₹34,990",28%, 64 MP4K1 Year Warranty
240,Canon R100 Mirrorless Camera RF,4.5,"₹44,990","₹64,995",30%,DIGIC 8 Image Processor
241,Canon EOS 200D II DSLR Camera EF,4.5,"₹52,990","₹68,995",23%,Vari-angle Touch Screen LCD
242,"dji Action 2 Power Combo Power Combo with Module, Magnetic Versatility, 4K Recording Upto 120 fps and ...",4.2,"₹14,990","₹44,990",66%, 12 MP4K1 Year Manufacturer Warranty
243,FUJIFILM Instax Treasure Box Mini 11 Instant Camera,4.4,"₹6,499","₹8,499",23%, AutomaticView Finder
244,FUJIFILM Instax Mini 11 Instant Camera,4.3,"₹5,999","₹7,999",25%, ManualView Finder
245,dji Osmo Action Action 4 Standard Combo Sports and Action Camera,4.5,"₹32,990","₹44,990",26%, 12 MP4K1 Year Warranty
246,Canon EOS 1500D DSLR Camera Body+ 18,4.5,"₹38,990","₹47,995",18%,Self-Timer
247,SONY Alpha ILCE,4.6,"₹61,489","₹75,990",19%,High-resolution 4K movie recording
248,GoPro HERO12 DualLCDScreens 5.3K60 UltraHDVideo HyperSmooth 6.0withAutoBoostWaterproof Sports and Acti...,4.1,"₹38,990","₹45,000",13%, 27 MP5K2 Years Warranty
249,dji OSMO Action 3 Standard Combo Sports and Action Camera,4.4,"₹22,990","₹34,999",34%, 12 MP4K1 Year Manufacturer Warranty
250,"Canon EOS 3000D DSLR Camera 1 Body, 18",4.4,"₹31,990","₹35,995",11%,Self-Timer
251,FUJIFILM Instax Mini 11 Instant Camera,4.3,"₹5,999","₹7,999",25%, ManualView Finder
252,dji OSMO Action 3 Adventure Combo Sports and Action Camera,4.4,"₹31,990","₹44,999",28%, 12 MP4K1 Year Manufacturer Warranty
253,SONY Alpha ILCE,4.6,"₹74,489","₹90,990",18%,4K movies and pro-level features
254,Insta360 Action Camera X3 Sports and Action Camera,4.4,"₹39,990","₹51,999",23%, 72 MPHDR1 Year Manufacturer Warranty
255,NIKON D7500 DSLR Camera Body with 18,4.6,"₹72,990","₹94,950",23%,4K UHD
256,DIGITEK GoCAM DAC,3.5,"₹8,999","₹14,995",39%, 48 MP5K1 year carry in warranty
257,DIGITEK GoCAM DAC,3.6,"₹6,499","₹10,995",40%, 24 MP4K1 year carry in warranty
258,Insta360 X4 Sports and Action Camera,4.4,"₹54,990","₹59,990",8%, 72 MPHDR1 Year Warranty
259,FUJIFILM Instax Treasure Box Mini 11 Instant Camera,4.4,"₹6,499","₹8,499",23%, AutomaticView Finder
260,SONY Alpha ILCE,4.6,"₹65,489","₹80,490",18%,4K movies and pro-level features
261,Henzila E99 TOY Drone,4,"₹2,499","₹9,999",75%, Professional DroneControl Range
262,FUJIFILM Instax Treasure Box Mini 11 Instant Camera,4.4,"₹6,499","₹8,499",23%, AutomaticView Finder
263,dji Osmo OSMO POCKET 2 Sports and Action Camera,4.3,"₹24,990","₹34,990",28%, 64 MP4K1 Year Warranty
264,Canon R100 Mirrorless Camera RF,4.5,"₹44,990","₹64,995",30%,DIGIC 8 Image Processor
265,Canon EOS 200D II DSLR Camera EF,4.5,"₹52,990","₹68,995",23%,Vari-angle Touch Screen LCD
266,"dji Action 2 Power Combo Power Combo with Module, Magnetic Versatility, 4K Recording Upto 120 fps and ...",4.2,"₹14,990","₹44,990",66%, 12 MP4K1 Year Manufacturer Warranty
267,FUJIFILM Instax Treasure Box Mini 11 Instant Camera,4.4,"₹6,499","₹8,499",23%, AutomaticView Finder
268,FUJIFILM Instax Mini 11 Instant Camera,4.3,"₹5,999","₹7,999",25%, ManualView Finder
269,dji Osmo Action Action 4 Standard Combo Sports and Action Camera,4.5,"₹32,990","₹44,990",26%, 12 MP4K1 Year Warranty
270,Canon EOS 1500D DSLR Camera Body+ 18,4.5,"₹38,990","₹47,995",18%,Self-Timer
271,SONY Alpha ILCE,4.6,"₹61,489","₹75,990",19%,High-resolution 4K movie recording
272,GoPro HERO12 DualLCDScreens 5.3K60 UltraHDVideo HyperSmooth 6.0withAutoBoostWaterproof Sports and Acti...,4.1,"₹38,990","₹45,000",13%, 27 MP5K2 Years Warranty
273,dji OSMO Action 3 Standard Combo Sports and Action Camera,4.4,"₹22,990","₹34,999",34%, 12 MP4K1 Year Manufacturer Warranty
274,"Canon EOS 3000D DSLR Camera 1 Body, 18",4.4,"₹31,990","₹35,995",11%,Self-Timer
275,FUJIFILM Instax Mini 11 Instant Camera,4.3,"₹5,999","₹7,999",25%, ManualView Finder
276,dji OSMO Action 3 Adventure Combo Sports and Action Camera,4.4,"₹31,990","₹44,999",28%, 12 MP4K1 Year Manufacturer Warranty
277,SONY Alpha ILCE,4.6,"₹74,489","₹90,990",18%,4K movies and pro-level features
278,Insta360 Action Camera X3 Sports and Action Camera,4.4,"₹39,990","₹51,999",23%, 72 MPHDR1 Year Manufacturer Warranty
279,NIKON D7500 DSLR Camera Body with 18,4.6,"₹72,990","₹94,950",23%,4K UHD
280,DIGITEK GoCAM DAC,3.5,"₹8,999","₹14,995",39%, 48 MP5K1 year carry in warranty
281,DIGITEK GoCAM DAC,3.6,"₹6,499","₹10,995",40%, 24 MP4K1 year carry in warranty
282,Insta360 X4 Sports and Action Camera,4.4,"₹54,990","₹59,990",8%, 72 MPHDR1 Year Warranty
283,FUJIFILM Instax Treasure Box Mini 11 Instant Camera,4.4,"₹6,499","₹8,499",23%, AutomaticView Finder
284,SONY Alpha ILCE,4.6,"₹65,489","₹80,490",18%,4K movies and pro-level features
285,Henzila E99 TOY Drone,4,"₹2,499","₹9,999",75%, Professional DroneControl Range
286,FUJIFILM Instax Treasure Box Mini 11 Instant Camera,4.4,"₹6,499","₹8,499",23%, AutomaticView Finder
287,dji Osmo OSMO POCKET 2 Sports and Action Camera,4.3,"₹24,990","₹34,990",28%, 64 MP4K1 Year Warranty
288,Canon R100 Mirrorless Camera RF,4.5,"₹44,990","₹64,995",30%,DIGIC 8 Image Processor
289,Canon EOS 200D II DSLR Camera EF,4.5,"₹52,990","₹68,995",23%,Vari-angle Touch Screen LCD
290,"dji Action 2 Power Combo Power Combo with Module, Magnetic Versatility, 4K Recording Upto 120 fps and ...",4.2,"₹14,990","₹44,990",66%, 12 MP4K1 Year Manufacturer Warranty
291,FUJIFILM Instax Treasure Box Mini 11 Instant Camera,4.4,"₹6,499","₹8,499",23%, AutomaticView Finder
292,FUJIFILM Instax Mini 11 Instant Camera,4.3,"₹5,999","₹7,999",25%, ManualView Finder
293,dji Osmo Action Action 4 Standard Combo Sports and Action Camera,4.5,"₹32,990","₹44,990",26%, 12 MP4K1 Year Warranty
294,Canon EOS 1500D DSLR Camera Body+ 18,4.5,"₹38,990","₹47,995",18%,Self-Timer
295,SONY Alpha ILCE,4.6,"₹61,489","₹75,990",19%,High-resolution 4K movie recording
296,GoPro HERO12 DualLCDScreens 5.3K60 UltraHDVideo HyperSmooth 6.0withAutoBoostWaterproof Sports and Acti...,4.1,"₹38,990","₹45,000",13%, 27 MP5K2 Years Warranty
297,dji OSMO Action 3 Standard Combo Sports and Action Camera,4.4,"₹22,990","₹34,999",34%, 12 MP4K1 Year Manufacturer Warranty
298,"Canon EOS 3000D DSLR Camera 1 Body, 18",4.4,"₹31,990","₹35,995",11%,Self-Timer
299,FUJIFILM Instax Mini 11 Instant Camera,4.3,"₹5,999","₹7,999",25%, ManualView Finder
300,dji OSMO Action 3 Adventure Combo Sports and Action Camera,4.4,"₹31,990","₹44,999",28%, 12 MP4K1 Year Manufacturer Warranty
301,SONY Alpha ILCE,4.6,"₹74,489","₹90,990",18%,4K movies and pro-level features
302,Insta360 Action Camera X3 Sports and Action Camera,4.4,"₹39,990","₹51,999",23%, 72 MPHDR1 Year Manufacturer Warranty
303,NIKON D7500 DSLR Camera Body with 18,4.6,"₹72,990","₹94,950",23%,4K UHD
304,DIGITEK GoCAM DAC,3.5,"₹8,999","₹14,995",39%, 48 MP5K1 year carry in warranty
305,DIGITEK GoCAM DAC,3.6,"₹6,499","₹10,995",40%, 24 MP4K1 year carry in warranty
306,Insta360 X4 Sports and Action Camera,4.4,"₹54,990","₹59,990",8%, 72 MPHDR1 Year Warranty
307,FUJIFILM Instax Treasure Box Mini 11 Instant Camera,4.4,"₹6,499","₹8,499",23%, AutomaticView Finder
308,SONY Alpha ILCE,4.6,"₹65,489","₹80,490",18%,4K movies and pro-level features
309,Henzila E99 TOY Drone,4,"₹2,499","₹9,999",75%, Professional DroneControl Range
310,FUJIFILM Instax Treasure Box Mini 11 Instant Camera,4.4,"₹6,499","₹8,499",23%, AutomaticView Finder
311,dji Osmo OSMO POCKET 2 Sports and Action Camera,4.3,"₹24,990","₹34,990",28%, 64 MP4K1 Year Warranty
312,Canon R100 Mirrorless Camera RF,4.5,"₹44,990","₹64,995",30%,DIGIC 8 Image Processor
313,Canon EOS 200D II DSLR Camera EF,4.5,"₹52,990","₹68,995",23%,Vari-angle Touch Screen LCD
314,"dji Action 2 Power Combo Power Combo with Module, Magnetic Versatility, 4K Recording Upto 120 fps and ...",4.2,"₹14,990","₹44,990",66%, 12 MP4K1 Year Manufacturer Warranty
315,FUJIFILM Instax Treasure Box Mini 11 Instant Camera,4.4,"₹6,499","₹8,499",23%, AutomaticView Finder
316,FUJIFILM Instax Mini 11 Instant Camera,4.3,"₹5,999","₹7,999",25%, ManualView Finder
317,dji Osmo Action Action 4 Standard Combo Sports and Action Camera,4.5,"₹32,990","₹44,990",26%, 12 MP4K1 Year Warranty
318,Canon EOS 1500D DSLR Camera Body+ 18,4.5,"₹38,990","₹47,995",18%,Self-Timer
319,SONY Alpha ILCE,4.6,"₹61,489","₹75,990",19%,High-resolution 4K movie recording
320,GoPro HERO12 DualLCDScreens 5.3K60 UltraHDVideo HyperSmooth 6.0withAutoBoostWaterproof Sports and Acti...,4.1,"₹38,990","₹45,000",13%, 27 MP5K2 Years Warranty
321,dji OSMO Action 3 Standard Combo Sports and Action Camera,4.4,"₹22,990","₹34,999",34%, 12 MP4K1 Year Manufacturer Warranty
322,"Canon EOS 3000D DSLR Camera 1 Body, 18",4.4,"₹31,990","₹35,995",11%,Self-Timer
323,FUJIFILM Instax Mini 11 Instant Camera,4.3,"₹5,999","₹7,999",25%, ManualView Finder
324,dji OSMO Action 3 Adventure Combo Sports and Action Camera,4.4,"₹31,990","₹44,999",28%, 12 MP4K1 Year Manufacturer Warranty
325,SONY Alpha ILCE,4.6,"₹74,489","₹90,990",18%,4K movies and pro-level features
326,Insta360 Action Camera X3 Sports and Action Camera,4.4,"₹39,990","₹51,999",23%, 72 MPHDR1 Year Manufacturer Warranty
327,NIKON D7500 DSLR Camera Body with 18,4.6,"₹72,990","₹94,950",23%,4K UHD
328,DIGITEK GoCAM DAC,3.5,"₹8,999","₹14,995",39%, 48 MP5K1 year carry in warranty
329,DIGITEK GoCAM DAC,3.6,"₹6,499","₹10,995",40%, 24 MP4K1 year carry in warranty
330,Insta360 X4 Sports and Action Camera,4.4,"₹54,990","₹59,990",8%, 72 MPHDR1 Year Warranty
331,FUJIFILM Instax Treasure Box Mini 11 Instant Camera,4.4,"₹6,499","₹8,499",23%, AutomaticView Finder
332,SONY Alpha ILCE,4.6,"₹65,489","₹80,490",18%,4K movies and pro-level features
333,Henzila E99 TOY Drone,4,"₹2,499","₹9,999",75%, Professional DroneControl Range
334,FUJIFILM Instax Treasure Box Mini 11 Instant Camera,4.4,"₹6,499","₹8,499",23%, AutomaticView Finder
335,dji Osmo OSMO POCKET 2 Sports and Action Camera,4.3,"₹24,990","₹34,990",28%, 64 MP4K1 Year Warranty
336,Canon R100 Mirrorless Camera RF,4.5,"₹44,990","₹64,995",30%,DIGIC 8 Image Processor
337,Canon EOS 200D II DSLR Camera EF,4.5,"₹52,990","₹68,995",23%,Vari-angle Touch Screen LCD
338,"dji Action 2 Power Combo Power Combo with Module, Magnetic Versatility, 4K Recording Upto 120 fps and ...",4.2,"₹14,990","₹44,990",66%, 12 MP4K1 Year Manufacturer Warranty
339,FUJIFILM Instax Treasure Box Mini 11 Instant Camera,4.4,"₹6,499","₹8,499",23%, AutomaticView Finder
340,FUJIFILM Instax Mini 11 Instant Camera,4.3,"₹5,999","₹7,999",25%, ManualView Finder
341,dji Osmo Action Action 4 Standard Combo Sports and Action Camera,4.5,"₹32,990","₹44,990",26%, 12 MP4K1 Year Warranty
342,Canon EOS 1500D DSLR Camera Body+ 18,4.5,"₹38,990","₹47,995",18%,Self-Timer
343,SONY Alpha ILCE,4.6,"₹61,489","₹75,990",19%,High-resolution 4K movie recording
344,GoPro HERO12 DualLCDScreens 5.3K60 UltraHDVideo HyperSmooth 6.0withAutoBoostWaterproof Sports and Acti...,4.1,"₹38,990","₹45,000",13%, 27 MP5K2 Years Warranty
345,dji OSMO Action 3 Standard Combo Sports and Action Camera,4.4,"₹22,990","₹34,999",34%, 12 MP4K1 Year Manufacturer Warranty
346,"Canon EOS 3000D DSLR Camera 1 Body, 18",4.4,"₹31,990","₹35,995",11%,Self-Timer
347,FUJIFILM Instax Mini 11 Instant Camera,4.3,"₹5,999","₹7,999",25%, ManualView Finder
348,dji OSMO Action 3 Adventure Combo Sports and Action Camera,4.4,"₹31,990","₹44,999",28%, 12 MP4K1 Year Manufacturer Warranty
349,SONY Alpha ILCE,4.6,"₹74,489","₹90,990",18%,4K movies and pro-level features
350,Insta360 Action Camera X3 Sports and Action Camera,4.4,"₹39,990","₹51,999",23%, 72 MPHDR1 Year Manufacturer Warranty
351,NIKON D7500 DSLR Camera Body with 18,4.6,"₹72,990","₹94,950",23%,4K UHD
352,DIGITEK GoCAM DAC,3.5,"₹8,999","₹14,995",39%, 48 MP5K1 year carry in warranty
353,DIGITEK GoCAM DAC,3.6,"₹6,499","₹10,995",40%, 24 MP4K1 year carry in warranty
354,Insta360 X4 Sports and Action Camera,4.4,"₹54,990","₹59,990",8%, 72 MPHDR1 Year Warranty
355,FUJIFILM Instax Treasure Box Mini 11 Instant Camera,4.4,"₹6,499","₹8,499",23%, AutomaticView Finder
356,SONY Alpha ILCE,4.6,"₹65,489","₹80,490",18%,4K movies and pro-level features
357,Henzila E99 TOY Drone,4,"₹2,499","₹9,999",75%, Professional DroneControl Range
358,FUJIFILM Instax Treasure Box Mini 11 Instant Camera,4.4,"₹6,499","₹8,499",23%, AutomaticView Finder
359,dji Osmo OSMO POCKET 2 Sports and Action Camera,4.3,"₹24,990","₹34,990",28%, 64 MP4K1 Year Warranty
360,Canon R100 Mirrorless Camera RF,4.5,"₹44,990","₹64,995",30%,DIGIC 8 Image Processor
361,Canon EOS 200D II DSLR Camera EF,4.5,"₹52,990","₹68,995",23%,Vari-angle Touch Screen LCD
362,"dji Action 2 Power Combo Power Combo with Module, Magnetic Versatility, 4K Recording Upto 120 fps and ...",4.2,"₹14,990","₹44,990",66%, 12 MP4K1 Year Manufacturer Warranty
363,FUJIFILM Instax Treasure Box Mini 11 Instant Camera,4.4,"₹6,499","₹8,499",23%, AutomaticView Finder
364,FUJIFILM Instax Mini 11 Instant Camera,4.3,"₹5,999","₹7,999",25%, ManualView Finder
365,dji Osmo Action Action 4 Standard Combo Sports and Action Camera,4.5,"₹32,990","₹44,990",26%, 12 MP4K1 Year Warranty
366,Canon EOS 1500D DSLR Camera Body+ 18,4.5,"₹38,990","₹47,995",18%,Self-Timer
367,SONY Alpha ILCE,4.6,"₹61,489","₹75,990",19%,High-resolution 4K movie recording
368,GoPro HERO12 DualLCDScreens 5.3K60 UltraHDVideo HyperSmooth 6.0withAutoBoostWaterproof Sports and Acti...,4.1,"₹38,990","₹45,000",13%, 27 MP5K2 Years Warranty
369,dji OSMO Action 3 Standard Combo Sports and Action Camera,4.4,"₹22,990","₹34,999",34%, 12 MP4K1 Year Manufacturer Warranty
370,"Canon EOS 3000D DSLR Camera 1 Body, 18",4.4,"₹31,990","₹35,995",11%,Self-Timer
371,FUJIFILM Instax Mini 11 Instant Camera,4.3,"₹5,999","₹7,999",25%, ManualView Finder
372,dji OSMO Action 3 Adventure Combo Sports and Action Camera,4.4,"₹31,990","₹44,999",28%, 12 MP4K1 Year Manufacturer Warranty
373,SONY Alpha ILCE,4.6,"₹74,489","₹90,990",18%,4K movies and pro-level features
374,Insta360 Action Camera X3 Sports and Action Camera,4.4,"₹39,990","₹51,999",23%, 72 MPHDR1 Year Manufacturer Warranty
375,NIKON D7500 DSLR Camera Body with 18,4.6,"₹72,990","₹94,950",23%,4K UHD
376,DIGITEK GoCAM DAC,3.5,"₹8,999","₹14,995",39%, 48 MP5K1 year carry in warranty
377,DIGITEK GoCAM DAC,3.6,"₹6,499","₹10,995",40%, 24 MP4K1 year carry in warranty
378,Insta360 X4 Sports and Action Camera,4.4,"₹54,990","₹59,990",8%, 72 MPHDR1 Year Warranty
379,FUJIFILM Instax Treasure Box Mini 11 Instant Camera,4.4,"₹6,499","₹8,499",23%, AutomaticView Finder
380,SONY Alpha ILCE,4.6,"₹65,489","₹80,490",18%,4K movies and pro-level features
381,Henzila E99 TOY Drone,4,"₹2,499","₹9,999",75%, Professional DroneControl Range
382,FUJIFILM Instax Treasure Box Mini 11 Instant Camera,4.4,"₹6,499","₹8,499",23%, AutomaticView Finder
383,dji Osmo OSMO POCKET 2 Sports and Action Camera,4.3,"₹24,990","₹34,990",28%, 64 MP4K1 Year Warranty
384,Canon R100 Mirrorless Camera RF,4.5,"₹44,990","₹64,995",30%,DIGIC 8 Image Processor
385,Canon EOS 200D II DSLR Camera EF,4.5,"₹52,990","₹68,995",23%,Vari-angle Touch Screen LCD
386,"dji Action 2 Power Combo Power Combo with Module, Magnetic Versatility, 4K Recording Upto 120 fps and ...",4.2,"₹14,990","₹44,990",66%, 12 MP4K1 Year Manufacturer Warranty
387,FUJIFILM Instax Treasure Box Mini 11 Instant Camera,4.4,"₹6,499","₹8,499",23%, AutomaticView Finder
388,FUJIFILM Instax Mini 11 Instant Camera,4.3,"₹5,999","₹7,999",25%, ManualView Finder
389,dji Osmo Action Action 4 Standard Combo Sports and Action Camera,4.5,"₹32,990","₹44,990",26%, 12 MP4K1 Year Warranty
390,Canon EOS 1500D DSLR Camera Body+ 18,4.5,"₹38,990","₹47,995",18%,Self-Timer
391,SONY Alpha ILCE,4.6,"₹61,489","₹75,990",19%,High-resolution 4K movie recording
392,GoPro HERO12 DualLCDScreens 5.3K60 UltraHDVideo HyperSmooth 6.0withAutoBoostWaterproof Sports and Acti...,4.1,"₹38,990","₹45,000",13%, 27 MP5K2 Years Warranty
393,dji OSMO Action 3 Standard Combo Sports and Action Camera,4.4,"₹22,990","₹34,999",34%, 12 MP4K1 Year Manufacturer Warranty
394,"Canon EOS 3000D DSLR Camera 1 Body, 18",4.4,"₹31,990","₹35,995",11%,Self-Timer
395,FUJIFILM Instax Mini 11 Instant Camera,4.3,"₹5,999","₹7,999",25%, ManualView Finder
396,dji OSMO Action 3 Adventure Combo Sports and Action Camera,4.4,"₹31,990","₹44,999",28%, 12 MP4K1 Year Manufacturer Warranty
397,SONY Alpha ILCE,4.6,"₹74,489","₹90,990",18%,4K movies and pro-level features
398,Insta360 Action Camera X3 Sports and Action Camera,4.4,"₹39,990","₹51,999",23%, 72 MPHDR1 Year Manufacturer Warranty
399,NIKON D7500 DSLR Camera Body with 18,4.6,"₹72,990","₹94,950",23%,4K UHD
400,DIGITEK GoCAM DAC,3.5,"₹8,999","₹14,995",39%, 48 MP5K1 year carry in warranty
401,DIGITEK GoCAM DAC,3.6,"₹6,499","₹10,995",40%, 24 MP4K1 year carry in warranty
402,Insta360 X4 Sports and Action Camera,4.4,"₹54,990","₹59,990",8%, 72 MPHDR1 Year Warranty
403,FUJIFILM Instax Treasure Box Mini 11 Instant Camera,4.4,"₹6,499","₹8,499",23%, AutomaticView Finder
404,SONY Alpha ILCE,4.6,"₹65,489","₹80,490",18%,4K movies and pro-level features
405,Henzila E99 TOY Drone,4,"₹2,499","₹9,999",75%, Professional DroneControl Range
406,FUJIFILM Instax Treasure Box Mini 11 Instant Camera,4.4,"₹6,499","₹8,499",23%, AutomaticView Finder
407,dji Osmo OSMO POCKET 2 Sports and Action Camera,4.3,"₹24,990","₹34,990",28%, 64 MP4K1 Year Warranty
408,Canon R100 Mirrorless Camera RF,4.5,"₹44,990","₹64,995",30%,DIGIC 8 Image Processor
409,Canon EOS 200D II DSLR Camera EF,4.5,"₹52,990","₹68,995",23%,Vari-angle Touch Screen LCD
410,"dji Action 2 Power Combo Power Combo with Module, Magnetic Versatility, 4K Recording Upto 120 fps and ...",4.2,"₹14,990","₹44,990",66%, 12 MP4K1 Year Manufacturer Warranty
411,FUJIFILM Instax Treasure Box Mini 11 Instant Camera,4.4,"₹6,499","₹8,499",23%, AutomaticView Finder
412,FUJIFILM Instax Mini 11 Instant Camera,4.3,"₹5,999","₹7,999",25%, ManualView Finder
413,dji Osmo Action Action 4 Standard Combo Sports and Action Camera,4.5,"₹32,990","₹44,990",26%, 12 MP4K1 Year Warranty
414,Canon EOS 1500D DSLR Camera Body+ 18,4.5,"₹38,990","₹47,995",18%,Self-Timer
415,SONY Alpha ILCE,4.6,"₹61,489","₹75,990",19%,High-resolution 4K movie recording
416,GoPro HERO12 DualLCDScreens 5.3K60 UltraHDVideo HyperSmooth 6.0withAutoBoostWaterproof Sports and Acti...,4.1,"₹38,990","₹45,000",13%, 27 MP5K2 Years Warranty
417,dji OSMO Action 3 Standard Combo Sports and Action Camera,4.4,"₹22,990","₹34,999",34%, 12 MP4K1 Year Manufacturer Warranty
418,"Canon EOS 3000D DSLR Camera 1 Body, 18",4.4,"₹31,990","₹35,995",11%,Self-Timer
419,FUJIFILM Instax Mini 11 Instant Camera,4.3,"₹5,999","₹7,999",25%, ManualView Finder
420,dji OSMO Action 3 Adventure Combo Sports and Action Camera,4.4,"₹31,990","₹44,999",28%, 12 MP4K1 Year Manufacturer Warranty
421,SONY Alpha ILCE,4.6,"₹74,489","₹90,990",18%,4K movies and pro-level features
422,Insta360 Action Camera X3 Sports and Action Camera,4.4,"₹39,990","₹51,999",23%, 72 MPHDR1 Year Manufacturer Warranty
423,NIKON D7500 DSLR Camera Body with 18,4.6,"₹72,990","₹94,950",23%,4K UHD
424,DIGITEK GoCAM DAC,3.5,"₹8,999","₹14,995",39%, 48 MP5K1 year carry in warranty
425,DIGITEK GoCAM DAC,3.6,"₹6,499","₹10,995",40%, 24 MP4K1 year carry in warranty
426,Insta360 X4 Sports and Action Camera,4.4,"₹54,990","₹59,990",8%, 72 MPHDR1 Year Warranty
427,FUJIFILM Instax Treasure Box Mini 11 Instant Camera,4.4,"₹6,499","₹8,499",23%, AutomaticView Finder
428,SONY Alpha ILCE,4.6,"₹65,489","₹80,490",18%,4K movies and pro-level features
429,Henzila E99 TOY Drone,4,"₹2,499","₹9,999",75%, Professional DroneControl Range
430,FUJIFILM Instax Treasure Box Mini 11 Instant Camera,4.4,"₹6,499","₹8,499",23%, AutomaticView Finder
431,dji Osmo OSMO POCKET 2 Sports and Action Camera,4.3,"₹24,990","₹34,990",28%, 64 MP4K1 Year Warranty
432,Canon R100 Mirrorless Camera RF,4.5,"₹44,990","₹64,995",30%,DIGIC 8 Image Processor
433,Canon EOS 200D II DSLR Camera EF,4.5,"₹52,990","₹68,995",23%,Vari-angle Touch Screen LCD
434,"dji Action 2 Power Combo Power Combo with Module, Magnetic Versatility, 4K Recording Upto 120 fps and ...",4.2,"₹14,990","₹44,990",66%, 12 MP4K1 Year Manufacturer Warranty
435,FUJIFILM Instax Treasure Box Mini 11 Instant Camera,4.4,"₹6,499","₹8,499",23%, AutomaticView Finder
436,FUJIFILM Instax Mini 11 Instant Camera,4.3,"₹5,999","₹7,999",25%, ManualView Finder
437,dji Osmo Action Action 4 Standard Combo Sports and Action Camera,4.5,"₹32,990","₹44,990",26%, 12 MP4K1 Year Warranty
438,Canon EOS 1500D DSLR Camera Body+ 18,4.5,"₹38,990","₹47,995",18%,Self-Timer
439,SONY Alpha ILCE,4.6,"₹61,489","₹75,990",19%,High-resolution 4K movie recording
440,GoPro HERO12 DualLCDScreens 5.3K60 UltraHDVideo HyperSmooth 6.0withAutoBoostWaterproof Sports and Acti...,4.1,"₹38,990","₹45,000",13%, 27 MP5K2 Years Warranty
441,dji OSMO Action 3 Standard Combo Sports and Action Camera,4.4,"₹22,990","₹34,999",34%, 12 MP4K1 Year Manufacturer Warranty
442,"Canon EOS 3000D DSLR Camera 1 Body, 18",4.4,"₹31,990","₹35,995",11%,Self-Timer
443,FUJIFILM Instax Mini 11 Instant Camera,4.3,"₹5,999","₹7,999",25%, ManualView Finder
444,dji OSMO Action 3 Adventure Combo Sports and Action Camera,4.4,"₹31,990","₹44,999",28%, 12 MP4K1 Year Manufacturer Warranty
445,SONY Alpha ILCE,4.6,"₹74,489","₹90,990",18%,4K movies and pro-level features
446,Insta360 Action Camera X3 Sports and Action Camera,4.4,"₹39,990","₹51,999",23%, 72 MPHDR1 Year Manufacturer Warranty
447,NIKON D7500 DSLR Camera Body with 18,4.6,"₹72,990","₹94,950",23%,4K UHD
448,DIGITEK GoCAM DAC,3.5,"₹8,999","₹14,995",39%, 48 MP5K1 year carry in warranty
449,DIGITEK GoCAM DAC,3.6,"₹6,499","₹10,995",40%, 24 MP4K1 year carry in warranty
450,Insta360 X4 Sports and Action Camera,4.4,"₹54,990","₹59,990",8%, 72 MPHDR1 Year Warranty
451,FUJIFILM Instax Treasure Box Mini 11 Instant Camera,4.4,"₹6,499","₹8,499",23%, AutomaticView Finder
452,SONY Alpha ILCE,4.6,"₹65,489","₹80,490",18%,4K movies and pro-level features
453,Henzila E99 TOY Drone,4,"₹2,499","₹9,999",75%, Professional DroneControl Range
454,FUJIFILM Instax Treasure Box Mini 11 Instant Camera,4.4,"₹6,499","₹8,499",23%, AutomaticView Finder
455,dji Osmo OSMO POCKET 2 Sports and Action Camera,4.3,"₹24,990","₹34,990",28%, 64 MP4K1 Year Warranty
456,Canon R100 Mirrorless Camera RF,4.5,"₹44,990","₹64,995",30%,DIGIC 8 Image Processor
457,Canon EOS 200D II DSLR Camera EF,4.5,"₹52,990","₹68,995",23%,Vari-angle Touch Screen LCD
458,"dji Action 2 Power Combo Power Combo with Module, Magnetic Versatility, 4K Recording Upto 120 fps and ...",4.2,"₹14,990","₹44,990",66%, 12 MP4K1 Year Manufacturer Warranty
459,FUJIFILM Instax Treasure Box Mini 11 Instant Camera,4.4,"₹6,499","₹8,499",23%, AutomaticView Finder
460,FUJIFILM Instax Mini 11 Instant Camera,4.3,"₹5,999","₹7,999",25%, ManualView Finder
461,dji Osmo Action Action 4 Standard Combo Sports and Action Camera,4.5,"₹32,990","₹44,990",26%, 12 MP4K1 Year Warranty
462,Canon EOS 1500D DSLR Camera Body+ 18,4.5,"₹38,990","₹47,995",18%,Self-Timer
463,SONY Alpha ILCE,4.6,"₹61,489","₹75,990",19%,High-resolution 4K movie recording
464,GoPro HERO12 DualLCDScreens 5.3K60 UltraHDVideo HyperSmooth 6.0withAutoBoostWaterproof Sports and Acti...,4.1,"₹38,990","₹45,000",13%, 27 MP5K2 Years Warranty
465,dji OSMO Action 3 Standard Combo Sports and Action Camera,4.4,"₹22,990","₹34,999",34%, 12 MP4K1 Year Manufacturer Warranty
466,"Canon EOS 3000D DSLR Camera 1 Body, 18",4.4,"₹31,990","₹35,995",11%,Self-Timer
467,FUJIFILM Instax Mini 11 Instant Camera,4.3,"₹5,999","₹7,999",25%, ManualView Finder
468,dji OSMO Action 3 Adventure Combo Sports and Action Camera,4.4,"₹31,990","₹44,999",28%, 12 MP4K1 Year Manufacturer Warranty
469,SONY Alpha ILCE,4.6,"₹74,489","₹90,990",18%,4K movies and pro-level features
470,Insta360 Action Camera X3 Sports and Action Camera,4.4,"₹39,990","₹51,999",23%, 72 MPHDR1 Year Manufacturer Warranty
471,NIKON D7500 DSLR Camera Body with 18,4.6,"₹72,990","₹94,950",23%,4K UHD
472,DIGITEK GoCAM DAC,3.5,"₹8,999","₹14,995",39%, 48 MP5K1 year carry in warranty
473,DIGITEK GoCAM DAC,3.6,"₹6,499","₹10,995",40%, 24 MP4K1 year carry in warranty
474,Insta360 X4 Sports and Action Camera,4.4,"₹54,990","₹59,990",8%, 72 MPHDR1 Year Warranty
475,FUJIFILM Instax Treasure Box Mini 11 Instant Camera,4.4,"₹6,499","₹8,499",23%, AutomaticView Finder
476,SONY Alpha ILCE,4.6,"₹65,489","₹80,490",18%,4K movies and pro-level features
477,Henzila E99 TOY Drone,4,"₹2,499","₹9,999",75%, Professional DroneControl Range
478,FUJIFILM Instax Treasure Box Mini 11 Instant Camera,4.4,"₹6,499","₹8,499",23%, AutomaticView Finder
479,dji Osmo OSMO POCKET 2 Sports and Action Camera,4.3,"₹24,990","₹34,990",28%, 64 MP4K1 Year Warranty
480,Canon R100 Mirrorless Camera RF,4.5,"₹44,990","₹64,995",30%,DIGIC 8 Image Processor
481,Canon EOS 200D II DSLR Camera EF,4.5,"₹52,990","₹68,995",23%,Vari-angle Touch Screen LCD
482,"dji Action 2 Power Combo Power Combo with Module, Magnetic Versatility, 4K Recording Upto 120 fps and ...",4.2,"₹14,990","₹44,990",66%, 12 MP4K1 Year Manufacturer Warranty
483,FUJIFILM Instax Treasure Box Mini 11 Instant Camera,4.4,"₹6,499","₹8,499",23%, AutomaticView Finder
484,FUJIFILM Instax Mini 11 Instant Camera,4.3,"₹5,999","₹7,999",25%, ManualView Finder
485,dji Osmo Action Action 4 Standard Combo Sports and Action Camera,4.5,"₹32,990","₹44,990",26%, 12 MP4K1 Year Warranty
486,Canon EOS 1500D DSLR Camera Body+ 18,4.5,"₹38,990","₹47,995",18%,Self-Timer
487,SONY Alpha ILCE,4.6,"₹61,489","₹75,990",19%,High-resolution 4K movie recording
488,GoPro HERO12 DualLCDScreens 5.3K60 UltraHDVideo HyperSmooth 6.0withAutoBoostWaterproof Sports and Acti...,4.1,"₹38,990","₹45,000",13%, 27 MP5K2 Years Warranty
489,dji OSMO Action 3 Standard Combo Sports and Action Camera,4.4,"₹22,990","₹34,999",34%, 12 MP4K1 Year Manufacturer Warranty
490,"Canon EOS 3000D DSLR Camera 1 Body, 18",4.4,"₹31,990","₹35,995",11%,Self-Timer
491,FUJIFILM Instax Mini 11 Instant Camera,4.3,"₹5,999","₹7,999",25%, ManualView Finder
492,dji OSMO Action 3 Adventure Combo Sports and Action Camera,4.4,"₹31,990","₹44,999",28%, 12 MP4K1 Year Manufacturer Warranty
493,SONY Alpha ILCE,4.6,"₹74,489","₹90,990",18%,4K movies and pro-level features
494,Insta360 Action Camera X3 Sports and Action Camera,4.4,"₹39,990","₹51,999",23%, 72 MPHDR1 Year Manufacturer Warranty
495,NIKON D7500 DSLR Camera Body with 18,4.6,"₹72,990","₹94,950",23%,4K UHD
496,DIGITEK GoCAM DAC,3.5,"₹8,999","₹14,995",39%, 48 MP5K1 year carry in warranty
497,DIGITEK GoCAM DAC,3.6,"₹6,499","₹10,995",40%, 24 MP4K1 year carry in warranty
498,Insta360 X4 Sports and Action Camera,4.4,"₹54,990","₹59,990",8%, 72 MPHDR1 Year Warranty
499,FUJIFILM Instax Treasure Box Mini 11 Instant Camera,4.4,"₹6,499","₹8,499",23%, AutomaticView Finder
500,SONY Alpha ILCE,4.6,"₹65,489","₹80,490",18%,4K movies and pro-level features
501,Henzila E99 TOY Drone,4,"₹2,499","₹9,999",75%, Professional DroneControl Range
502,FUJIFILM Instax Treasure Box Mini 11 Instant Camera,4.4,"₹6,499","₹8,499",23%, AutomaticView Finder
503,dji Osmo OSMO POCKET 2 Sports and Action Camera,4.3,"₹24,990","₹34,990",28%, 64 MP4K1 Year Warranty
504,Canon R100 Mirrorless Camera RF,4.5,"₹44,990","₹64,995",30%,DIGIC 8 Image Processor
505,Canon EOS 200D II DSLR Camera EF,4.5,"₹52,990","₹68,995",23%,Vari-angle Touch Screen LCD
506,"dji Action 2 Power Combo Power Combo with Module, Magnetic Versatility, 4K Recording Upto 120 fps and ...",4.2,"₹14,990","₹44,990",66%, 12 MP4K1 Year Manufacturer Warranty
507,FUJIFILM Instax Treasure Box Mini 11 Instant Camera,4.4,"₹6,499","₹8,499",23%, AutomaticView Finder
508,FUJIFILM Instax Mini 11 Instant Camera,4.3,"₹5,999","₹7,999",25%, ManualView Finder
509,dji Osmo Action Action 4 Standard Combo Sports and Action Camera,4.5,"₹32,990","₹44,990",26%, 12 MP4K1 Year Warranty
510,Canon EOS 1500D DSLR Camera Body+ 18,4.5,"₹38,990","₹47,995",18%,Self-Timer
511,SONY Alpha ILCE,4.6,"₹61,489","₹75,990",19%,High-resolution 4K movie recording
512,GoPro HERO12 DualLCDScreens 5.3K60 UltraHDVideo HyperSmooth 6.0withAutoBoostWaterproof Sports and Acti...,4.1,"₹38,990","₹45,000",13%, 27 MP5K2 Years Warranty
513,dji OSMO Action 3 Standard Combo Sports and Action Camera,4.4,"₹22,990","₹34,999",34%, 12 MP4K1 Year Manufacturer Warranty
514,"Canon EOS 3000D DSLR Camera 1 Body, 18",4.4,"₹31,990","₹35,995",11%,Self-Timer
515,FUJIFILM Instax Mini 11 Instant Camera,4.3,"₹5,999","₹7,999",25%, ManualView Finder
516,dji OSMO Action 3 Adventure Combo Sports and Action Camera,4.4,"₹31,990","₹44,999",28%, 12 MP4K1 Year Manufacturer Warranty
517,SONY Alpha ILCE,4.6,"₹74,489","₹90,990",18%,4K movies and pro-level features
518,Insta360 Action Camera X3 Sports and Action Camera,4.4,"₹39,990","₹51,999",23%, 72 MPHDR1 Year Manufacturer Warranty
519,NIKON D7500 DSLR Camera Body with 18,4.6,"₹72,990","₹94,950",23%,4K UHD
520,DIGITEK GoCAM DAC,3.5,"₹8,999","₹14,995",39%, 48 MP5K1 year carry in warranty
521,DIGITEK GoCAM DAC,3.6,"₹6,499","₹10,995",40%, 24 MP4K1 year carry in warranty
522,Insta360 X4 Sports and Action Camera,4.4,"₹54,990","₹59,990",8%, 72 MPHDR1 Year Warranty
523,FUJIFILM Instax Treasure Box Mini 11 Instant Camera,4.4,"₹6,499","₹8,499",23%, AutomaticView Finder
524,SONY Alpha ILCE,4.6,"₹65,489","₹80,490",18%,4K movies and pro-level features
525,Henzila E99 TOY Drone,4,"₹2,499","₹9,999",75%, Professional DroneControl Range
526,FUJIFILM Instax Treasure Box Mini 11 Instant Camera,4.4,"₹6,499","₹8,499",23%, AutomaticView Finder
527,dji Osmo OSMO POCKET 2 Sports and Action Camera,4.3,"₹24,990","₹34,990",28%, 64 MP4K1 Year Warranty
528,Canon R100 Mirrorless Camera RF,4.5,"₹44,990","₹64,995",30%,DIGIC 8 Image Processor
529,Canon EOS 200D II DSLR Camera EF,4.5,"₹52,990","₹68,995",23%,Vari-angle Touch Screen LCD
530,"dji Action 2 Power Combo Power Combo with Module, Magnetic Versatility, 4K Recording Upto 120 fps and ...",4.2,"₹14,990","₹44,990",66%, 12 MP4K1 Year Manufacturer Warranty
531,FUJIFILM Instax Treasure Box Mini 11 Instant Camera,4.4,"₹6,499","₹8,499",23%, AutomaticView Finder
532,FUJIFILM Instax Mini 11 Instant Camera,4.3,"₹5,999","₹7,999",25%, ManualView Finder
533,dji Osmo Action Action 4 Standard Combo Sports and Action Camera,4.5,"₹32,990","₹44,990",26%, 12 MP4K1 Year Warranty
534,Canon EOS 1500D DSLR Camera Body+ 18,4.5,"₹38,990","₹47,995",18%,Self-Timer
535,SONY Alpha ILCE,4.6,"₹61,489","₹75,990",19%,High-resolution 4K movie recording
536,GoPro HERO12 DualLCDScreens 5.3K60 UltraHDVideo HyperSmooth 6.0withAutoBoostWaterproof Sports and Acti...,4.1,"₹38,990","₹45,000",13%, 27 MP5K2 Years Warranty
537,dji OSMO Action 3 Standard Combo Sports and Action Camera,4.4,"₹22,990","₹34,999",34%, 12 MP4K1 Year Manufacturer Warranty
538,"Canon EOS 3000D DSLR Camera 1 Body, 18",4.4,"₹31,990","₹35,995",11%,Self-Timer
539,FUJIFILM Instax Mini 11 Instant Camera,4.3,"₹5,999","₹7,999",25%, ManualView Finder
540,dji OSMO Action 3 Adventure Combo Sports and Action Camera,4.4,"₹31,990","₹44,999",28%, 12 MP4K1 Year Manufacturer Warranty
541,SONY Alpha ILCE,4.6,"₹74,489","₹90,990",18%,4K movies and pro-level features
542,Insta360 Action Camera X3 Sports and Action Camera,4.4,"₹39,990","₹51,999",23%, 72 MPHDR1 Year Manufacturer Warranty
543,NIKON D7500 DSLR Camera Body with 18,4.6,"₹72,990","₹94,950",23%,4K UHD
544,DIGITEK GoCAM DAC,3.5,"₹8,999","₹14,995",39%, 48 MP5K1 year carry in warranty
545,DIGITEK GoCAM DAC,3.6,"₹6,499","₹10,995",40%, 24 MP4K1 year carry in warranty
546,Insta360 X4 Sports and Action Camera,4.4,"₹54,990","₹59,990",8%, 72 MPHDR1 Year Warranty
547,FUJIFILM Instax Treasure Box Mini 11 Instant Camera,4.4,"₹6,499","₹8,499",23%, AutomaticView Finder
548,SONY Alpha ILCE,4.6,"₹65,489","₹80,490",18%,4K movies and pro-level features
549,Henzila E99 TOY Drone,4,"₹2,499","₹9,999",75%, Professional DroneControl Range
550,FUJIFILM Instax Treasure Box Mini 11 Instant Camera,4.4,"₹6,499","₹8,499",23%, AutomaticView Finder
551,dji Osmo OSMO POCKET 2 Sports and Action Camera,4.3,"₹24,990","₹34,990",28%, 64 MP4K1 Year Warranty
552,Canon R100 Mirrorless Camera RF,4.5,"₹44,990","₹64,995",30%,DIGIC 8 Image Processor
553,Canon EOS 200D II DSLR Camera EF,4.5,"₹52,990","₹68,995",23%,Vari-angle Touch Screen LCD
554,"dji Action 2 Power Combo Power Combo with Module, Magnetic Versatility, 4K Recording Upto 120 fps and ...",4.2,"₹14,990","₹44,990",66%, 12 MP4K1 Year Manufacturer Warranty
555,FUJIFILM Instax Treasure Box Mini 11 Instant Camera,4.4,"₹6,499","₹8,499",23%, AutomaticView Finder
556,FUJIFILM Instax Mini 11 Instant Camera,4.3,"₹5,999","₹7,999",25%, ManualView Finder
557,dji Osmo Action Action 4 Standard Combo Sports and Action Camera,4.5,"₹32,990","₹44,990",26%, 12 MP4K1 Year Warranty
558,Canon EOS 1500D DSLR Camera Body+ 18,4.5,"₹38,990","₹47,995",18%,Self-Timer
559,SONY Alpha ILCE,4.6,"₹61,489","₹75,990",19%,High-resolution 4K movie recording
560,GoPro HERO12 DualLCDScreens 5.3K60 UltraHDVideo HyperSmooth 6.0withAutoBoostWaterproof Sports and Acti...,4.1,"₹38,990","₹45,000",13%, 27 MP5K2 Years Warranty
561,dji OSMO Action 3 Standard Combo Sports and Action Camera,4.4,"₹22,990","₹34,999",34%, 12 MP4K1 Year Manufacturer Warranty
562,"Canon EOS 3000D DSLR Camera 1 Body, 18",4.4,"₹31,990","₹35,995",11%,Self-Timer
563,FUJIFILM Instax Mini 11 Instant Camera,4.3,"₹5,999","₹7,999",25%, ManualView Finder
564,dji OSMO Action 3 Adventure Combo Sports and Action Camera,4.4,"₹31,990","₹44,999",28%, 12 MP4K1 Year Manufacturer Warranty
565,SONY Alpha ILCE,4.6,"₹74,489","₹90,990",18%,4K movies and pro-level features
566,Insta360 Action Camera X3 Sports and Action Camera,4.4,"₹39,990","₹51,999",23%, 72 MPHDR1 Year Manufacturer Warranty
567,NIKON D7500 DSLR Camera Body with 18,4.6,"₹72,990","₹94,950",23%,4K UHD
568,DIGITEK GoCAM DAC,3.5,"₹8,999","₹14,995",39%, 48 MP5K1 year carry in warranty
569,DIGITEK GoCAM DAC,3.6,"₹6,499","₹10,995",40%, 24 MP4K1 year carry in warranty
570,Insta360 X4 Sports and Action Camera,4.4,"₹54,990","₹59,990",8%, 72 MPHDR1 Year Warranty
571,FUJIFILM Instax Treasure Box Mini 11 Instant Camera,4.4,"₹6,499","₹8,499",23%, AutomaticView Finder
572,SONY Alpha ILCE,4.6,"₹65,489","₹80,490",18%,4K movies and pro-level features
573,Henzila E99 TOY Drone,4,"₹2,499","₹9,999",75%, Professional DroneControl Range
574,FUJIFILM Instax Treasure Box Mini 11 Instant Camera,4.4,"₹6,499","₹8,499",23%, AutomaticView Finder
575,dji Osmo OSMO POCKET 2 Sports and Action Camera,4.3,"₹24,990","₹34,990",28%, 64 MP4K1 Year Warranty
576,Canon R100 Mirrorless Camera RF,4.5,"₹44,990","₹64,995",30%,DIGIC 8 Image Processor
577,Canon EOS 200D II DSLR Camera EF,4.5,"₹52,990","₹68,995",23%,Vari-angle Touch Screen LCD
578,"dji Action 2 Power Combo Power Combo with Module, Magnetic Versatility, 4K Recording Upto 120 fps and ...",4.2,"₹14,990","₹44,990",66%, 12 MP4K1 Year Manufacturer Warranty
579,FUJIFILM Instax Treasure Box Mini 11 Instant Camera,4.4,"₹6,499","₹8,499",23%, AutomaticView Finder
580,FUJIFILM Instax Mini 11 Instant Camera,4.3,"₹5,999","₹7,999",25%, ManualView Finder
581,dji Osmo Action Action 4 Standard Combo Sports and Action Camera,4.5,"₹32,990","₹44,990",26%, 12 MP4K1 Year Warranty
582,Canon EOS 1500D DSLR Camera Body+ 18,4.5,"₹38,990","₹47,995",18%,Self-Timer
583,SONY Alpha ILCE,4.6,"₹61,489","₹75,990",19%,High-resolution 4K movie recording
584,GoPro HERO12 DualLCDScreens 5.3K60 UltraHDVideo HyperSmooth 6.0withAutoBoostWaterproof Sports and Acti...,4.1,"₹38,990","₹45,000",13%, 27 MP5K2 Years Warranty
585,dji OSMO Action 3 Standard Combo Sports and Action Camera,4.4,"₹22,990","₹34,999",34%, 12 MP4K1 Year Manufacturer Warranty
586,"Canon EOS 3000D DSLR Camera 1 Body, 18",4.4,"₹31,990","₹35,995",11%,Self-Timer
587,FUJIFILM Instax Mini 11 Instant Camera,4.3,"₹5,999","₹7,999",25%, ManualView Finder
588,dji OSMO Action 3 Adventure Combo Sports and Action Camera,4.4,"₹31,990","₹44,999",28%, 12 MP4K1 Year Manufacturer Warranty
589,SONY Alpha ILCE,4.6,"₹74,489","₹90,990",18%,4K movies and pro-level features
590,Insta360 Action Camera X3 Sports and Action Camera,4.4,"₹39,990","₹51,999",23%, 72 MPHDR1 Year Manufacturer Warranty
591,NIKON D7500 DSLR Camera Body with 18,4.6,"₹72,990","₹94,950",23%,4K UHD
592,DIGITEK GoCAM DAC,3.5,"₹8,999","₹14,995",39%, 48 MP5K1 year carry in warranty
593,DIGITEK GoCAM DAC,3.6,"₹6,499","₹10,995",40%, 24 MP4K1 year carry in warranty
594,Insta360 X4 Sports and Action Camera,4.4,"₹54,990","₹59,990",8%, 72 MPHDR1 Year Warranty
595,FUJIFILM Instax Treasure Box Mini 11 Instant Camera,4.4,"₹6,499","₹8,499",23%, AutomaticView Finder
596,SONY Alpha ILCE,4.6,"₹65,489","₹80,490",18%,4K movies and pro-level features
597,Henzila E99 TOY Drone,4,"₹2,499","₹9,999",75%, Professional DroneControl Range
598,FUJIFILM Instax Treasure Box Mini 11 Instant Camera,4.4,"₹6,499","₹8,499",23%, AutomaticView Finder
599,dji Osmo OSMO POCKET 2 Sports and Action Camera,4.3,"₹24,990","₹34,990",28%, 64 MP4K1 Year Warranty
600,Canon R100 Mirrorless Camera RF,4.5,"₹44,990","₹64,995",30%,DIGIC 8 Image Processor
601,Canon EOS 200D II DSLR Camera EF,4.5,"₹52,990","₹68,995",23%,Vari-angle Touch Screen LCD
602,"dji Action 2 Power Combo Power Combo with Module, Magnetic Versatility, 4K Recording Upto 120 fps and ...",4.2,"₹14,990","₹44,990",66%, 12 MP4K1 Year Manufacturer Warranty
603,FUJIFILM Instax Treasure Box Mini 11 Instant Camera,4.4,"₹6,499","₹8,499",23%, AutomaticView Finder
604,FUJIFILM Instax Mini 11 Instant Camera,4.3,"₹5,999","₹7,999",25%, ManualView Finder
605,dji Osmo Action Action 4 Standard Combo Sports and Action Camera,4.5,"₹32,990","₹44,990",26%, 12 MP4K1 Year Warranty
606,Canon EOS 1500D DSLR Camera Body+ 18,4.5,"₹38,990","₹47,995",18%,Self-Timer
607,SONY Alpha ILCE,4.6,"₹61,489","₹75,990",19%,High-resolution 4K movie recording
608,GoPro HERO12 DualLCDScreens 5.3K60 UltraHDVideo HyperSmooth 6.0withAutoBoostWaterproof Sports and Acti...,4.1,"₹38,990","₹45,000",13%, 27 MP5K2 Years Warranty
609,dji OSMO Action 3 Standard Combo Sports and Action Camera,4.4,"₹22,990","₹34,999",34%, 12 MP4K1 Year Manufacturer Warranty
610,"Canon EOS 3000D DSLR Camera 1 Body, 18",4.4,"₹31,990","₹35,995",11%,Self-Timer
611,FUJIFILM Instax Mini 11 Instant Camera,4.3,"₹5,999","₹7,999",25%, ManualView Finder
612,dji OSMO Action 3 Adventure Combo Sports and Action Camera,4.4,"₹31,990","₹44,999",28%, 12 MP4K1 Year Manufacturer Warranty
613,SONY Alpha ILCE,4.6,"₹74,489","₹90,990",18%,4K movies and pro-level features
614,Insta360 Action Camera X3 Sports and Action Camera,4.4,"₹39,990","₹51,999",23%, 72 MPHDR1 Year Manufacturer Warranty
615,NIKON D7500 DSLR Camera Body with 18,4.6,"₹72,990","₹94,950",23%,4K UHD
616,DIGITEK GoCAM DAC,3.5,"₹8,999","₹14,995",39%, 48 MP5K1 year carry in warranty
617,DIGITEK GoCAM DAC,3.6,"₹6,499","₹10,995",40%, 24 MP4K1 year carry in warranty
618,Insta360 X4 Sports and Action Camera,4.4,"₹54,990","₹59,990",8%, 72 MPHDR1 Year Warranty
619,FUJIFILM Instax Treasure Box Mini 11 Instant Camera,4.4,"₹6,499","₹8,499",23%, AutomaticView Finder
620,SONY Alpha ILCE,4.6,"₹65,489","₹80,490",18%,4K movies and pro-level features
621,Henzila E99 TOY Drone,4,"₹2,499","₹9,999",75%, Professional DroneControl Range
622,FUJIFILM Instax Treasure Box Mini 11 Instant Camera,4.4,"₹6,499","₹8,499",23%, AutomaticView Finder
623,dji Osmo OSMO POCKET 2 Sports and Action Camera,4.3,"₹24,990","₹34,990",28%, 64 MP4K1 Year Warranty
624,Canon R100 Mirrorless Camera RF,4.5,"₹44,990","₹64,995",30%,DIGIC 8 Image Processor
625,Canon EOS 200D II DSLR Camera EF,4.5,"₹52,990","₹68,995",23%,Vari-angle Touch Screen LCD
626,"dji Action 2 Power Combo Power Combo with Module, Magnetic Versatility, 4K Recording Upto 120 fps and ...",4.2,"₹14,990","₹44,990",66%, 12 MP4K1 Year Manufacturer Warranty
627,FUJIFILM Instax Treasure Box Mini 11 Instant Camera,4.4,"₹6,499","₹8,499",23%, AutomaticView Finder
628,FUJIFILM Instax Mini 11 Instant Camera,4.3,"₹5,999","₹7,999",25%, ManualView Finder
629,dji Osmo Action Action 4 Standard Combo Sports and Action Camera,4.5,"₹32,990","₹44,990",26%, 12 MP4K1 Year Warranty
630,Canon EOS 1500D DSLR Camera Body+ 18,4.5,"₹38,990","₹47,995",18%,Self-Timer
631,SONY Alpha ILCE,4.6,"₹61,489","₹75,990",19%,High-resolution 4K movie recording
632,GoPro HERO12 DualLCDScreens 5.3K60 UltraHDVideo HyperSmooth 6.0withAutoBoostWaterproof Sports and Acti...,4.1,"₹38,990","₹45,000",13%, 27 MP5K2 Years Warranty
633,dji OSMO Action 3 Standard Combo Sports and Action Camera,4.4,"₹22,990","₹34,999",34%, 12 MP4K1 Year Manufacturer Warranty
634,"Canon EOS 3000D DSLR Camera 1 Body, 18",4.4,"₹31,990","₹35,995",11%,Self-Timer
635,FUJIFILM Instax Mini 11 Instant Camera,4.3,"₹5,999","₹7,999",25%, ManualView Finder
636,dji OSMO Action 3 Adventure Combo Sports and Action Camera,4.4,"₹31,990","₹44,999",28%, 12 MP4K1 Year Manufacturer Warranty
637,SONY Alpha ILCE,4.6,"₹74,489","₹90,990",18%,4K movies and pro-level features
638,Insta360 Action Camera X3 Sports and Action Camera,4.4,"₹39,990","₹51,999",23%, 72 MPHDR1 Year Manufacturer Warranty
639,NIKON D7500 DSLR Camera Body with 18,4.6,"₹72,990","₹94,950",23%,4K UHD
640,DIGITEK GoCAM DAC,3.5,"₹8,999","₹14,995",39%, 48 MP5K1 year carry in warranty
641,DIGITEK GoCAM DAC,3.6,"₹6,499","₹10,995",40%, 24 MP4K1 year carry in warranty
642,Insta360 X4 Sports and Action Camera,4.4,"₹54,990","₹59,990",8%, 72 MPHDR1 Year Warranty
643,FUJIFILM Instax Treasure Box Mini 11 Instant Camera,4.4,"₹6,499","₹8,499",23%, AutomaticView Finder
644,SONY Alpha ILCE,4.6,"₹65,489","₹80,490",18%,4K movies and pro-level features
645,Henzila E99 TOY Drone,4,"₹2,499","₹9,999",75%, Professional DroneControl Range
646,FUJIFILM Instax Treasure Box Mini 11 Instant Camera,4.4,"₹6,499","₹8,499",23%, AutomaticView Finder
647,dji Osmo OSMO POCKET 2 Sports and Action Camera,4.3,"₹24,990","₹34,990",28%, 64 MP4K1 Year Warranty
648,Canon R100 Mirrorless Camera RF,4.5,"₹44,990","₹64,995",30%,DIGIC 8 Image Processor
649,Canon EOS 200D II DSLR Camera EF,4.5,"₹52,990","₹68,995",23%,Vari-angle Touch Screen LCD
650,"dji Action 2 Power Combo Power Combo with Module, Magnetic Versatility, 4K Recording Upto 120 fps and ...",4.2,"₹14,990","₹44,990",66%, 12 MP4K1 Year Manufacturer Warranty
651,FUJIFILM Instax Treasure Box Mini 11 Instant Camera,4.4,"₹6,499","₹8,499",23%, AutomaticView Finder
652,FUJIFILM Instax Mini 11 Instant Camera,4.3,"₹5,999","₹7,999",25%, ManualView Finder
653,dji Osmo Action Action 4 Standard Combo Sports and Action Camera,4.5,"₹32,990","₹44,990",26%, 12 MP4K1 Year Warranty
654,Canon EOS 1500D DSLR Camera Body+ 18,4.5,"₹38,990","₹47,995",18%,Self-Timer
655,SONY Alpha ILCE,4.6,"₹61,489","₹75,990",19%,High-resolution 4K movie recording
656,GoPro HERO12 DualLCDScreens 5.3K60 UltraHDVideo HyperSmooth 6.0withAutoBoostWaterproof Sports and Acti...,4.1,"₹38,990","₹45,000",13%, 27 MP5K2 Years Warranty
657,dji OSMO Action 3 Standard Combo Sports and Action Camera,4.4,"₹22,990","₹34,999",34%, 12 MP4K1 Year Manufacturer Warranty
658,"Canon EOS 3000D DSLR Camera 1 Body, 18",4.4,"₹31,990","₹35,995",11%,Self-Timer
659,FUJIFILM Instax Mini 11 Instant Camera,4.3,"₹5,999","₹7,999",25%, ManualView Finder
660,dji OSMO Action 3 Adventure Combo Sports and Action Camera,4.4,"₹31,990","₹44,999",28%, 12 MP4K1 Year Manufacturer Warranty
661,SONY Alpha ILCE,4.6,"₹74,489","₹90,990",18%,4K movies and pro-level features
662,Insta360 Action Camera X3 Sports and Action Camera,4.4,"₹39,990","₹51,999",23%, 72 MPHDR1 Year Manufacturer Warranty
663,NIKON D7500 DSLR Camera Body with 18,4.6,"₹72,990","₹94,950",23%,4K UHD
664,DIGITEK GoCAM DAC,3.5,"₹8,999","₹14,995",39%, 48 MP5K1 year carry in warranty
665,DIGITEK GoCAM DAC,3.6,"₹6,499","₹10,995",40%, 24 MP4K1 year carry in warranty
666,Insta360 X4 Sports and Action Camera,4.4,"₹54,990","₹59,990",8%, 72 MPHDR1 Year Warranty
667,FUJIFILM Instax Treasure Box Mini 11 Instant Camera,4.4,"₹6,499","₹8,499",23%, AutomaticView Finder
668,SONY Alpha ILCE,4.6,"₹65,489","₹80,490",18%,4K movies and pro-level features
669,Henzila E99 TOY Drone,4,"₹2,499","₹9,999",75%, Professional DroneControl Range
670,FUJIFILM Instax Treasure Box Mini 11 Instant Camera,4.4,"₹6,499","₹8,499",23%, AutomaticView Finder
671,dji Osmo OSMO POCKET 2 Sports and Action Camera,4.3,"₹24,990","₹34,990",28%, 64 MP4K1 Year Warranty
672,Canon R100 Mirrorless Camera RF,4.5,"₹44,990","₹64,995",30%,DIGIC 8 Image Processor
673,Canon EOS 200D II DSLR Camera EF,4.5,"₹52,990","₹68,995",23%,Vari-angle Touch Screen LCD
674,"dji Action 2 Power Combo Power Combo with Module, Magnetic Versatility, 4K Recording Upto 120 fps and ...",4.2,"₹14,990","₹44,990",66%, 12 MP4K1 Year Manufacturer Warranty
675,FUJIFILM Instax Treasure Box Mini 11 Instant Camera,4.4,"₹6,499","₹8,499",23%, AutomaticView Finder
676,FUJIFILM Instax Mini 11 Instant Camera,4.3,"₹5,999","₹7,999",25%, ManualView Finder
677,dji Osmo Action Action 4 Standard Combo Sports and Action Camera,4.5,"₹32,990","₹44,990",26%, 12 MP4K1 Year Warranty
678,Canon EOS 1500D DSLR Camera Body+ 18,4.5,"₹38,990","₹47,995",18%,Self-Timer
679,SONY Alpha ILCE,4.6,"₹61,489","₹75,990",19%,High-resolution 4K movie recording
680,GoPro HERO12 DualLCDScreens 5.3K60 UltraHDVideo HyperSmooth 6.0withAutoBoostWaterproof Sports and Acti...,4.1,"₹38,990","₹45,000",13%, 27 MP5K2 Years Warranty
681,dji OSMO Action 3 Standard Combo Sports and Action Camera,4.4,"₹22,990","₹34,999",34%, 12 MP4K1 Year Manufacturer Warranty
682,"Canon EOS 3000D DSLR Camera 1 Body, 18",4.4,"₹31,990","₹35,995",11%,Self-Timer
683,FUJIFILM Instax Mini 11 Instant Camera,4.3,"₹5,999","₹7,999",25%, ManualView Finder
684,dji OSMO Action 3 Adventure Combo Sports and Action Camera,4.4,"₹31,990","₹44,999",28%, 12 MP4K1 Year Manufacturer Warranty
685,SONY Alpha ILCE,4.6,"₹74,489","₹90,990",18%,4K movies and pro-level features
686,Insta360 Action Camera X3 Sports and Action Camera,4.4,"₹39,990","₹51,999",23%, 72 MPHDR1 Year Manufacturer Warranty
687,NIKON D7500 DSLR Camera Body with 18,4.6,"₹72,990","₹94,950",23%,4K UHD
688,DIGITEK GoCAM DAC,3.5,"₹8,999","₹14,995",39%, 48 MP5K1 year carry in warranty
689,DIGITEK GoCAM DAC,3.6,"₹6,499","₹10,995",40%, 24 MP4K1 year carry in warranty
690,Insta360 X4 Sports and Action Camera,4.4,"₹54,990","₹59,990",8%, 72 MPHDR1 Year Warranty
691,FUJIFILM Instax Treasure Box Mini 11 Instant Camera,4.4,"₹6,499","₹8,499",23%, AutomaticView Finder
692,SONY Alpha ILCE,4.6,"₹65,489","₹80,490",18%,4K movies and pro-level features
693,Henzila E99 TOY Drone,4,"₹2,499","₹9,999",75%, Professional DroneControl Range
694,FUJIFILM Instax Treasure Box Mini 11 Instant Camera,4.4,"₹6,499","₹8,499",23%, AutomaticView Finder
695,dji Osmo OSMO POCKET 2 Sports and Action Camera,4.3,"₹24,990","₹34,990",28%, 64 MP4K1 Year Warranty
696,Canon R100 Mirrorless Camera RF,4.5,"₹44,990","₹64,995",30%,DIGIC 8 Image Processor
697,Canon EOS 200D II DSLR Camera EF,4.5,"₹52,990","₹68,995",23%,Vari-angle Touch Screen LCD
698,"dji Action 2 Power Combo Power Combo with Module, Magnetic Versatility, 4K Recording Upto 120 fps and ...",4.2,"₹14,990","₹44,990",66%, 12 MP4K1 Year Manufacturer Warranty
699,FUJIFILM Instax Treasure Box Mini 11 Instant Camera,4.4,"₹6,499","₹8,499",23%, AutomaticView Finder
700,FUJIFILM Instax Mini 11 Instant Camera,4.3,"₹5,999","₹7,999",25%, ManualView Finder
701,dji Osmo Action Action 4 Standard Combo Sports and Action Camera,4.5,"₹32,990","₹44,990",26%, 12 MP4K1 Year Warranty
702,Canon EOS 1500D DSLR Camera Body+ 18,4.5,"₹38,990","₹47,995",18%,Self-Timer
703,SONY Alpha ILCE,4.6,"₹61,489","₹75,990",19%,High-resolution 4K movie recording
704,GoPro HERO12 DualLCDScreens 5.3K60 UltraHDVideo HyperSmooth 6.0withAutoBoostWaterproof Sports and Acti...,4.1,"₹38,990","₹45,000",13%, 27 MP5K2 Years Warranty
705,dji OSMO Action 3 Standard Combo Sports and Action Camera,4.4,"₹22,990","₹34,999",34%, 12 MP4K1 Year Manufacturer Warranty
706,"Canon EOS 3000D DSLR Camera 1 Body, 18",4.4,"₹31,990","₹35,995",11%,Self-Timer
707,FUJIFILM Instax Mini 11 Instant Camera,4.3,"₹5,999","₹7,999",25%, ManualView Finder
708,dji OSMO Action 3 Adventure Combo Sports and Action Camera,4.4,"₹31,990","₹44,999",28%, 12 MP4K1 Year Manufacturer Warranty
709,SONY Alpha ILCE,4.6,"₹74,489","₹90,990",18%,4K movies and pro-level features
710,Insta360 Action Camera X3 Sports and Action Camera,4.4,"₹39,990","₹51,999",23%, 72 MPHDR1 Year Manufacturer Warranty
711,NIKON D7500 DSLR Camera Body with 18,4.6,"₹72,990","₹94,950",23%,4K UHD
712,DIGITEK GoCAM DAC,3.5,"₹8,999","₹14,995",39%, 48 MP5K1 year carry in warranty
713,DIGITEK GoCAM DAC,3.6,"₹6,499","₹10,995",40%, 24 MP4K1 year carry in warranty
714,Insta360 X4 Sports and Action Camera,4.4,"₹54,990","₹59,990",8%, 72 MPHDR1 Year Warranty
715,FUJIFILM Instax Treasure Box Mini 11 Instant Camera,4.4,"₹6,499","₹8,499",23%, AutomaticView Finder
716,SONY Alpha ILCE,4.6,"₹65,489","₹80,490",18%,4K movies and pro-level features
717,Henzila E99 TOY Drone,4,"₹2,499","₹9,999",75%, Professional DroneControl Range
718,FUJIFILM Instax Treasure Box Mini 11 Instant Camera,4.4,"₹6,499","₹8,499",23%, AutomaticView Finder
719,dji Osmo OSMO POCKET 2 Sports and Action Camera,4.3,"₹24,990","₹34,990",28%, 64 MP4K1 Year Warranty
720,Canon R100 Mirrorless Camera RF,4.5,"₹44,990","₹64,995",30%,DIGIC 8 Image Processor
721,Canon EOS 200D II DSLR Camera EF,4.5,"₹52,990","₹68,995",23%,Vari-angle Touch Screen LCD
722,"dji Action 2 Power Combo Power Combo with Module, Magnetic Versatility, 4K Recording Upto 120 fps and ...",4.2,"₹14,990","₹44,990",66%, 12 MP4K1 Year Manufacturer Warranty
723,FUJIFILM Instax Treasure Box Mini 11 Instant Camera,4.4,"₹6,499","₹8,499",23%, AutomaticView Finder
724,FUJIFILM Instax Mini 11 Instant Camera,4.3,"₹5,999","₹7,999",25%, ManualView Finder
725,dji Osmo Action Action 4 Standard Combo Sports and Action Camera,4.5,"₹32,990","₹44,990",26%, 12 MP4K1 Year Warranty
726,Canon EOS 1500D DSLR Camera Body+ 18,4.5,"₹38,990","₹47,995",18%,Self-Timer
727,SONY Alpha ILCE,4.6,"₹61,489","₹75,990",19%,High-resolution 4K movie recording
728,GoPro HERO12 DualLCDScreens 5.3K60 UltraHDVideo HyperSmooth 6.0withAutoBoostWaterproof Sports and Acti...,4.1,"₹38,990","₹45,000",13%, 27 MP5K2 Years Warranty
729,dji OSMO Action 3 Standard Combo Sports and Action Camera,4.4,"₹22,990","₹34,999",34%, 12 MP4K1 Year Manufacturer Warranty
730,"Canon EOS 3000D DSLR Camera 1 Body, 18",4.4,"₹31,990","₹35,995",11%,Self-Timer
731,FUJIFILM Instax Mini 11 Instant Camera,4.3,"₹5,999","₹7,999",25%, ManualView Finder
732,dji OSMO Action 3 Adventure Combo Sports and Action Camera,4.4,"₹31,990","₹44,999",28%, 12 MP4K1 Year Manufacturer Warranty
733,SONY Alpha ILCE,4.6,"₹74,489","₹90,990",18%,4K movies and pro-level features
734,Insta360 Action Camera X3 Sports and Action Camera,4.4,"₹39,990","₹51,999",23%, 72 MPHDR1 Year Manufacturer Warranty
735,NIKON D7500 DSLR Camera Body with 18,4.6,"₹72,990","₹94,950",23%,4K UHD
736,DIGITEK GoCAM DAC,3.5,"₹8,999","₹14,995",39%, 48 MP5K1 year carry in warranty
737,DIGITEK GoCAM DAC,3.6,"₹6,499","₹10,995",40%, 24 MP4K1 year carry in warranty
738,Insta360 X4 Sports and Action Camera,4.4,"₹54,990","₹59,990",8%, 72 MPHDR1 Year Warranty
739,FUJIFILM Instax Treasure Box Mini 11 Instant Camera,4.4,"₹6,499","₹8,499",23%, AutomaticView Finder
740,SONY Alpha ILCE,4.6,"₹65,489","₹80,490",18%,4K movies and pro-level features
741,Henzila E99 TOY Drone,4,"₹2,499","₹9,999",75%, Professional DroneControl Range
742,FUJIFILM Instax Treasure Box Mini 11 Instant Camera,4.4,"₹6,499","₹8,499",23%, AutomaticView Finder
743,dji Osmo OSMO POCKET 2 Sports and Action Camera,4.3,"₹24,990","₹34,990",28%, 64 MP4K1 Year Warranty
744,Canon R100 Mirrorless Camera RF,4.5,"₹44,990","₹64,995",30%,DIGIC 8 Image Processor
745,Canon EOS 200D II DSLR Camera EF,4.5,"₹52,990","₹68,995",23%,Vari-angle Touch Screen LCD
746,"dji Action 2 Power Combo Power Combo with Module, Magnetic Versatility, 4K Recording Upto 120 fps and ...",4.2,"₹14,990","₹44,990",66%, 12 MP4K1 Year Manufacturer Warranty
747,FUJIFILM Instax Treasure Box Mini 11 Instant Camera,4.4,"₹6,499","₹8,499",23%, AutomaticView Finder
748,FUJIFILM Instax Mini 11 Instant Camera,4.3,"₹5,999","₹7,999",25%, ManualView Finder
749,dji Osmo Action Action 4 Standard Combo Sports and Action Camera,4.5,"₹32,990","₹44,990",26%, 12 MP4K1 Year Warranty
750,Canon EOS 1500D DSLR Camera Body+ 18,4.5,"₹38,990","₹47,995",18%,Self-Timer
751,SONY Alpha ILCE,4.6,"₹61,489","₹75,990",19%,High-resolution 4K movie recording
752,GoPro HERO12 DualLCDScreens 5.3K60 UltraHDVideo HyperSmooth 6.0withAutoBoostWaterproof Sports and Acti...,4.1,"₹38,990","₹45,000",13%, 27 MP5K2 Years Warranty
753,dji OSMO Action 3 Standard Combo Sports and Action Camera,4.4,"₹22,990","₹34,999",34%, 12 MP4K1 Year Manufacturer Warranty
754,"Canon EOS 3000D DSLR Camera 1 Body, 18",4.4,"₹31,990","₹35,995",11%,Self-Timer
755,FUJIFILM Instax Mini 11 Instant Camera,4.3,"₹5,999","₹7,999",25%, ManualView Finder
756,dji OSMO Action 3 Adventure Combo Sports and Action Camera,4.4,"₹31,990","₹44,999",28%, 12 MP4K1 Year Manufacturer Warranty
757,SONY Alpha ILCE,4.6,"₹74,489","₹90,990",18%,4K movies and pro-level features
758,Insta360 Action Camera X3 Sports and Action Camera,4.4,"₹39,990","₹51,999",23%, 72 MPHDR1 Year Manufacturer Warranty
759,NIKON D7500 DSLR Camera Body with 18,4.6,"₹72,990","₹94,950",23%,4K UHD
760,DIGITEK GoCAM DAC,3.5,"₹8,999","₹14,995",39%, 48 MP5K1 year carry in warranty
761,DIGITEK GoCAM DAC,3.6,"₹6,499","₹10,995",40%, 24 MP4K1 year carry in warranty
762,Insta360 X4 Sports and Action Camera,4.4,"₹54,990","₹59,990",8%, 72 MPHDR1 Year Warranty
763,FUJIFILM Instax Treasure Box Mini 11 Instant Camera,4.4,"₹6,499","₹8,499",23%, AutomaticView Finder
764,SONY Alpha ILCE,4.6,"₹65,489","₹80,490",18%,4K movies and pro-level features
765,Henzila E99 TOY Drone,4,"₹2,499","₹9,999",75%, Professional DroneControl Range
766,FUJIFILM Instax Treasure Box Mini 11 Instant Camera,4.4,"₹6,499","₹8,499",23%, AutomaticView Finder
767,dji Osmo OSMO POCKET 2 Sports and Action Camera,4.3,"₹24,990","₹34,990",28%, 64 MP4K1 Year Warranty
768,Canon R100 Mirrorless Camera RF,4.5,"₹44,990","₹64,995",30%,DIGIC 8 Image Processor
769,Canon EOS 200D II DSLR Camera EF,4.5,"₹52,990","₹68,995",23%,Vari-angle Touch Screen LCD
770,"dji Action 2 Power Combo Power Combo with Module, Magnetic Versatility, 4K Recording Upto 120 fps and ...",4.2,"₹14,990","₹44,990",66%, 12 MP4K1 Year Manufacturer Warranty
771,FUJIFILM Instax Treasure Box Mini 11 Instant Camera,4.4,"₹6,499","₹8,499",23%, AutomaticView Finder
772,FUJIFILM Instax Mini 11 Instant Camera,4.3,"₹5,999","₹7,999",25%, ManualView Finder
773,dji Osmo Action Action 4 Standard Combo Sports and Action Camera,4.5,"₹32,990","₹44,990",26%, 12 MP4K1 Year Warranty
774,Canon EOS 1500D DSLR Camera Body+ 18,4.5,"₹38,990","₹47,995",18%,Self-Timer
775,SONY Alpha ILCE,4.6,"₹61,489","₹75,990",19%,High-resolution 4K movie recording
776,GoPro HERO12 DualLCDScreens 5.3K60 UltraHDVideo HyperSmooth 6.0withAutoBoostWaterproof Sports and Acti...,4.1,"₹38,990","₹45,000",13%, 27 MP5K2 Years Warranty
777,dji OSMO Action 3 Standard Combo Sports and Action Camera,4.4,"₹22,990","₹34,999",34%, 12 MP4K1 Year Manufacturer Warranty
778,"Canon EOS 3000D DSLR Camera 1 Body, 18",4.4,"₹31,990","₹35,995",11%,Self-Timer
779,FUJIFILM Instax Mini 11 Instant Camera,4.3,"₹5,999","₹7,999",25%, ManualView Finder
780,dji OSMO Action 3 Adventure Combo Sports and Action Camera,4.4,"₹31,990","₹44,999",28%, 12 MP4K1 Year Manufacturer Warranty
781,SONY Alpha ILCE,4.6,"₹74,489","₹90,990",18%,4K movies and pro-level features
782,Insta360 Action Camera X3 Sports and Action Camera,4.4,"₹39,990","₹51,999",23%, 72 MPHDR1 Year Manufacturer Warranty
783,NIKON D7500 DSLR Camera Body with 18,4.6,"₹72,990","₹94,950",23%,4K UHD
784,DIGITEK GoCAM DAC,3.5,"₹8,999","₹14,995",39%, 48 MP5K1 year carry in warranty
785,DIGITEK GoCAM DAC,3.6,"₹6,499","₹10,995",40%, 24 MP4K1 year carry in warranty
786,Insta360 X4 Sports and Action Camera,4.4,"₹54,990","₹59,990",8%, 72 MPHDR1 Year Warranty
787,FUJIFILM Instax Treasure Box Mini 11 Instant Camera,4.4,"₹6,499","₹8,499",23%, AutomaticView Finder
788,SONY Alpha ILCE,4.6,"₹65,489","₹80,490",18%,4K movies and pro-level features
789,Henzila E99 TOY Drone,4,"₹2,499","₹9,999",75%, Professional DroneControl Range
790,FUJIFILM Instax Treasure Box Mini 11 Instant Camera,4.4,"₹6,499","₹8,499",23%, AutomaticView Finder
791,dji Osmo OSMO POCKET 2 Sports and Action Camera,4.3,"₹24,990","₹34,990",28%, 64 MP4K1 Year Warranty
792,Canon R100 Mirrorless Camera RF,4.5,"₹44,990","₹64,995",30%,DIGIC 8 Image Processor
793,Canon EOS 200D II DSLR Camera EF,4.5,"₹52,990","₹68,995",23%,Vari-angle Touch Screen LCD
794,"dji Action 2 Power Combo Power Combo with Module, Magnetic Versatility, 4K Recording Upto 120 fps and ...",4.2,"₹14,990","₹44,990",66%, 12 MP4K1 Year Manufacturer Warranty
795,FUJIFILM Instax Treasure Box Mini 11 Instant Camera,4.4,"₹6,499","₹8,499",23%, AutomaticView Finder
796,FUJIFILM Instax Mini 11 Instant Camera,4.3,"₹5,999","₹7,999",25%, ManualView Finder
797,dji Osmo Action Action 4 Standard Combo Sports and Action Camera,4.5,"₹32,990","₹44,990",26%, 12 MP4K1 Year Warranty
798,Canon EOS 1500D DSLR Camera Body+ 18,4.5,"₹38,990","₹47,995",18%,Self-Timer
799,SONY Alpha ILCE,4.6,"₹61,489","₹75,990",19%,High-resolution 4K movie recording
800,GoPro HERO12 DualLCDScreens 5.3K60 UltraHDVideo HyperSmooth 6.0withAutoBoostWaterproof Sports and Acti...,4.1,"₹38,990","₹45,000",13%, 27 MP5K2 Years Warranty
801,dji OSMO Action 3 Standard Combo Sports and Action Camera,4.4,"₹22,990","₹34,999",34%, 12 MP4K1 Year Manufacturer Warranty
802,"Canon EOS 3000D DSLR Camera 1 Body, 18",4.4,"₹31,990","₹35,995",11%,Self-Timer
803,FUJIFILM Instax Mini 11 Instant Camera,4.3,"₹5,999","₹7,999",25%, ManualView Finder
804,dji OSMO Action 3 Adventure Combo Sports and Action Camera,4.4,"₹31,990","₹44,999",28%, 12 MP4K1 Year Manufacturer Warranty
805,SONY Alpha ILCE,4.6,"₹74,489","₹90,990",18%,4K movies and pro-level features
806,Insta360 Action Camera X3 Sports and Action Camera,4.4,"₹39,990","₹51,999",23%, 72 MPHDR1 Year Manufacturer Warranty
807,NIKON D7500 DSLR Camera Body with 18,4.6,"₹72,990","₹94,950",23%,4K UHD
808,DIGITEK GoCAM DAC,3.5,"₹8,999","₹14,995",39%, 48 MP5K1 year carry in warranty
809,DIGITEK GoCAM DAC,3.6,"₹6,499","₹10,995",40%, 24 MP4K1 year carry in warranty
810,Insta360 X4 Sports and Action Camera,4.4,"₹54,990","₹59,990",8%, 72 MPHDR1 Year Warranty
811,FUJIFILM Instax Treasure Box Mini 11 Instant Camera,4.4,"₹6,499","₹8,499",23%, AutomaticView Finder
812,SONY Alpha ILCE,4.6,"₹65,489","₹80,490",18%,4K movies and pro-level features
813,Henzila E99 TOY Drone,4,"₹2,499","₹9,999",75%, Professional DroneControl Range
814,FUJIFILM Instax Treasure Box Mini 11 Instant Camera,4.4,"₹6,499","₹8,499",23%, AutomaticView Finder
815,dji Osmo OSMO POCKET 2 Sports and Action Camera,4.3,"₹24,990","₹34,990",28%, 64 MP4K1 Year Warranty
816,Canon R100 Mirrorless Camera RF,4.5,"₹44,990","₹64,995",30%,DIGIC 8 Image Processor
817,Canon EOS 200D II DSLR Camera EF,4.5,"₹52,990","₹68,995",23%,Vari-angle Touch Screen LCD
818,"dji Action 2 Power Combo Power Combo with Module, Magnetic Versatility, 4K Recording Upto 120 fps and ...",4.2,"₹14,990","₹44,990",66%, 12 MP4K1 Year Manufacturer Warranty
819,FUJIFILM Instax Treasure Box Mini 11 Instant Camera,4.4,"₹6,499","₹8,499",23%, AutomaticView Finder
820,FUJIFILM Instax Mini 11 Instant Camera,4.3,"₹5,999","₹7,999",25%, ManualView Finder
821,dji Osmo Action Action 4 Standard Combo Sports and Action Camera,4.5,"₹32,990","₹44,990",26%, 12 MP4K1 Year Warranty
822,Canon EOS 1500D DSLR Camera Body+ 18,4.5,"₹38,990","₹47,995",18%,Self-Timer
823,SONY Alpha ILCE,4.6,"₹61,489","₹75,990",19%,High-resolution 4K movie recording
824,GoPro HERO12 DualLCDScreens 5.3K60 UltraHDVideo HyperSmooth 6.0withAutoBoostWaterproof Sports and Acti...,4.1,"₹38,990","₹45,000",13%, 27 MP5K2 Years Warranty
825,dji OSMO Action 3 Standard Combo Sports and Action Camera,4.4,"₹22,990","₹34,999",34%, 12 MP4K1 Year Manufacturer Warranty
826,"Canon EOS 3000D DSLR Camera 1 Body, 18",4.4,"₹31,990","₹35,995",11%,Self-Timer
827,FUJIFILM Instax Mini 11 Instant Camera,4.3,"₹5,999","₹7,999",25%, ManualView Finder
828,dji OSMO Action 3 Adventure Combo Sports and Action Camera,4.4,"₹31,990","₹44,999",28%, 12 MP4K1 Year Manufacturer Warranty
829,SONY Alpha ILCE,4.6,"₹74,489","₹90,990",18%,4K movies and pro-level features
830,Insta360 Action Camera X3 Sports and Action Camera,4.4,"₹39,990","₹51,999",23%, 72 MPHDR1 Year Manufacturer Warranty
831,NIKON D7500 DSLR Camera Body with 18,4.6,"₹72,990","₹94,950",23%,4K UHD
832,DIGITEK GoCAM DAC,3.5,"₹8,999","₹14,995",39%, 48 MP5K1 year carry in warranty
833,DIGITEK GoCAM DAC,3.6,"₹6,499","₹10,995",40%, 24 MP4K1 year carry in warranty
834,Insta360 X4 Sports and Action Camera,4.4,"₹54,990","₹59,990",8%, 72 MPHDR1 Year Warranty
835,FUJIFILM Instax Treasure Box Mini 11 Instant Camera,4.4,"₹6,499","₹8,499",23%, AutomaticView Finder
836,SONY Alpha ILCE,4.6,"₹65,489","₹80,490",18%,4K movies and pro-level features
837,Henzila E99 TOY Drone,4,"₹2,499","₹9,999",75%, Professional DroneControl Range
838,FUJIFILM Instax Treasure Box Mini 11 Instant Camera,4.4,"₹6,499","₹8,499",23%, AutomaticView Finder
839,dji Osmo OSMO POCKET 2 Sports and Action Camera,4.3,"₹24,990","₹34,990",28%, 64 MP4K1 Year Warranty
840,Canon R100 Mirrorless Camera RF,4.5,"₹44,990","₹64,995",30%,DIGIC 8 Image Processor
841,Canon EOS 200D II DSLR Camera EF,4.5,"₹52,990","₹68,995",23%,Vari-angle Touch Screen LCD
842,"dji Action 2 Power Combo Power Combo with Module, Magnetic Versatility, 4K Recording Upto 120 fps and ...",4.2,"₹14,990","₹44,990",66%, 12 MP4K1 Year Manufacturer Warranty
843,FUJIFILM Instax Treasure Box Mini 11 Instant Camera,4.4,"₹6,499","₹8,499",23%, AutomaticView Finder
844,FUJIFILM Instax Mini 11 Instant Camera,4.3,"₹5,999","₹7,999",25%, ManualView Finder
845,dji Osmo Action Action 4 Standard Combo Sports and Action Camera,4.5,"₹32,990","₹44,990",26%, 12 MP4K1 Year Warranty
846,Canon EOS 1500D DSLR Camera Body+ 18,4.5,"₹38,990","₹47,995",18%,Self-Timer
847,SONY Alpha ILCE,4.6,"₹61,489","₹75,990",19%,High-resolution 4K movie recording
848,GoPro HERO12 DualLCDScreens 5.3K60 UltraHDVideo HyperSmooth 6.0withAutoBoostWaterproof Sports and Acti...,4.1,"₹38,990","₹45,000",13%, 27 MP5K2 Years Warranty
849,dji OSMO Action 3 Standard Combo Sports and Action Camera,4.4,"₹22,990","₹34,999",34%, 12 MP4K1 Year Manufacturer Warranty
850,"Canon EOS 3000D DSLR Camera 1 Body, 18",4.4,"₹31,990","₹35,995",11%,Self-Timer
851,FUJIFILM Instax Mini 11 Instant Camera,4.3,"₹5,999","₹7,999",25%, ManualView Finder
852,dji OSMO Action 3 Adventure Combo Sports and Action Camera,4.4,"₹31,990","₹44,999",28%, 12 MP4K1 Year Manufacturer Warranty
853,SONY Alpha ILCE,4.6,"₹74,489","₹90,990",18%,4K movies and pro-level features
854,Insta360 Action Camera X3 Sports and Action Camera,4.4,"₹39,990","₹51,999",23%, 72 MPHDR1 Year Manufacturer Warranty
855,NIKON D7500 DSLR Camera Body with 18,4.6,"₹72,990","₹94,950",23%,4K UHD
856,DIGITEK GoCAM DAC,3.5,"₹8,999","₹14,995",39%, 48 MP5K1 year carry in warranty
857,DIGITEK GoCAM DAC,3.6,"₹6,499","₹10,995",40%, 24 MP4K1 year carry in warranty
858,Insta360 X4 Sports and Action Camera,4.4,"₹54,990","₹59,990",8%, 72 MPHDR1 Year Warranty
859,FUJIFILM Instax Treasure Box Mini 11 Instant Camera,4.4,"₹6,499","₹8,499",23%, AutomaticView Finder
860,SONY Alpha ILCE,4.6,"₹65,489","₹80,490",18%,4K movies and pro-level features
861,Henzila E99 TOY Drone,4,"₹2,499","₹9,999",75%, Professional DroneControl Range
862,FUJIFILM Instax Treasure Box Mini 11 Instant Camera,4.4,"₹6,499","₹8,499",23%, AutomaticView Finder
863,dji Osmo OSMO POCKET 2 Sports and Action Camera,4.3,"₹24,990","₹34,990",28%, 64 MP4K1 Year Warranty
864,Canon R100 Mirrorless Camera RF,4.5,"₹44,990","₹64,995",30%,DIGIC 8 Image Processor
865,Canon EOS 200D II DSLR Camera EF,4.5,"₹52,990","₹68,995",23%,Vari-angle Touch Screen LCD
866,"dji Action 2 Power Combo Power Combo with Module, Magnetic Versatility, 4K Recording Upto 120 fps and ...",4.2,"₹14,990","₹44,990",66%, 12 MP4K1 Year Manufacturer Warranty
867,FUJIFILM Instax Treasure Box Mini 11 Instant Camera,4.4,"₹6,499","₹8,499",23%, AutomaticView Finder
868,FUJIFILM Instax Mini 11 Instant Camera,4.3,"₹5,999","₹7,999",25%, ManualView Finder
869,dji Osmo Action Action 4 Standard Combo Sports and Action Camera,4.5,"₹32,990","₹44,990",26%, 12 MP4K1 Year Warranty
870,Canon EOS 1500D DSLR Camera Body+ 18,4.5,"₹38,990","₹47,995",18%,Self-Timer
871,SONY Alpha ILCE,4.6,"₹61,489","₹75,990",19%,High-resolution 4K movie recording
872,GoPro HERO12 DualLCDScreens 5.3K60 UltraHDVideo HyperSmooth 6.0withAutoBoostWaterproof Sports and Acti...,4.1,"₹38,990","₹45,000",13%, 27 MP5K2 Years Warranty
873,dji OSMO Action 3 Standard Combo Sports and Action Camera,4.4,"₹22,990","₹34,999",34%, 12 MP4K1 Year Manufacturer Warranty
874,"Canon EOS 3000D DSLR Camera 1 Body, 18",4.4,"₹31,990","₹35,995",11%,Self-Timer
875,FUJIFILM Instax Mini 11 Instant Camera,4.3,"₹5,999","₹7,999",25%, ManualView Finder
876,dji OSMO Action 3 Adventure Combo Sports and Action Camera,4.4,"₹31,990","₹44,999",28%, 12 MP4K1 Year Manufacturer Warranty
877,SONY Alpha ILCE,4.6,"₹74,489","₹90,990",18%,4K movies and pro-level features
878,Insta360 Action Camera X3 Sports and Action Camera,4.4,"₹39,990","₹51,999",23%, 72 MPHDR1 Year Manufacturer Warranty
879,NIKON D7500 DSLR Camera Body with 18,4.6,"₹72,990","₹94,950",23%,4K UHD
880,DIGITEK GoCAM DAC,3.5,"₹8,999","₹14,995",39%, 48 MP5K1 year carry in warranty
881,DIGITEK GoCAM DAC,3.6,"₹6,499","₹10,995",40%, 24 MP4K1 year carry in warranty
882,Insta360 X4 Sports and Action Camera,4.4,"₹54,990","₹59,990",8%, 72 MPHDR1 Year Warranty
883,FUJIFILM Instax Treasure Box Mini 11 Instant Camera,4.4,"₹6,499","₹8,499",23%, AutomaticView Finder
884,SONY Alpha ILCE,4.6,"₹65,489","₹80,490",18%,4K movies and pro-level features
885,Henzila E99 TOY Drone,4,"₹2,499","₹9,999",75%, Professional DroneControl Range
886,FUJIFILM Instax Treasure Box Mini 11 Instant Camera,4.4,"₹6,499","₹8,499",23%, AutomaticView Finder
887,dji Osmo OSMO POCKET 2 Sports and Action Camera,4.3,"₹24,990","₹34,990",28%, 64 MP4K1 Year Warranty
888,Canon R100 Mirrorless Camera RF,4.5,"₹44,990","₹64,995",30%,DIGIC 8 Image Processor
889,Canon EOS 200D II DSLR Camera EF,4.5,"₹52,990","₹68,995",23%,Vari-angle Touch Screen LCD
890,"dji Action 2 Power Combo Power Combo with Module, Magnetic Versatility, 4K Recording Upto 120 fps and ...",4.2,"₹14,990","₹44,990",66%, 12 MP4K1 Year Manufacturer Warranty
891,FUJIFILM Instax Treasure Box Mini 11 Instant Camera,4.4,"₹6,499","₹8,499",23%, AutomaticView Finder
892,FUJIFILM Instax Mini 11 Instant Camera,4.3,"₹5,999","₹7,999",25%, ManualView Finder
893,dji Osmo Action Action 4 Standard Combo Sports and Action Camera,4.5,"₹32,990","₹44,990",26%, 12 MP4K1 Year Warranty
894,Canon EOS 1500D DSLR Camera Body+ 18,4.5,"₹38,990","₹47,995",18%,Self-Timer
895,SONY Alpha ILCE,4.6,"₹61,489","₹75,990",19%,High-resolution 4K movie recording
896,GoPro HERO12 DualLCDScreens 5.3K60 UltraHDVideo HyperSmooth 6.0withAutoBoostWaterproof Sports and Acti...,4.1,"₹38,990","₹45,000",13%, 27 MP5K2 Years Warranty
897,dji OSMO Action 3 Standard Combo Sports and Action Camera,4.4,"₹22,990","₹34,999",34%, 12 MP4K1 Year Manufacturer Warranty
898,"Canon EOS 3000D DSLR Camera 1 Body, 18",4.4,"₹31,990","₹35,995",11%,Self-Timer
899,FUJIFILM Instax Mini 11 Instant Camera,4.3,"₹5,999","₹7,999",25%, ManualView Finder
900,dji OSMO Action 3 Adventure Combo Sports and Action Camera,4.4,"₹31,990","₹44,999",28%, 12 MP4K1 Year Manufacturer Warranty
901,SONY Alpha ILCE,4.6,"₹74,489","₹90,990",18%,4K movies and pro-level features
902,Insta360 Action Camera X3 Sports and Action Camera,4.4,"₹39,990","₹51,999",23%, 72 MPHDR1 Year Manufacturer Warranty
903,NIKON D7500 DSLR Camera Body with 18,4.6,"₹72,990","₹94,950",23%,4K UHD
904,DIGITEK GoCAM DAC,3.5,"₹8,999","₹14,995",39%, 48 MP5K1 year carry in warranty
905,DIGITEK GoCAM DAC,3.6,"₹6,499","₹10,995",40%, 24 MP4K1 year carry in warranty
906,Insta360 X4 Sports and Action Camera,4.4,"₹54,990","₹59,990",8%, 72 MPHDR1 Year Warranty
907,FUJIFILM Instax Treasure Box Mini 11 Instant Camera,4.4,"₹6,499","₹8,499",23%, AutomaticView Finder
908,SONY Alpha ILCE,4.6,"₹65,489","₹80,490",18%,4K movies and pro-level features
909,Henzila E99 TOY Drone,4,"₹2,499","₹9,999",75%, Professional DroneControl Range
910,FUJIFILM Instax Treasure Box Mini 11 Instant Camera,4.4,"₹6,499","₹8,499",23%, AutomaticView Finder
911,dji Osmo OSMO POCKET 2 Sports and Action Camera,4.3,"₹24,990","₹34,990",28%, 64 MP4K1 Year Warranty
912,Canon R100 Mirrorless Camera RF,4.5,"₹44,990","₹64,995",30%,DIGIC 8 Image Processor
913,Canon EOS 200D II DSLR Camera EF,4.5,"₹52,990","₹68,995",23%,Vari-angle Touch Screen LCD
914,"dji Action 2 Power Combo Power Combo with Module, Magnetic Versatility, 4K Recording Upto 120 fps and ...",4.2,"₹14,990","₹44,990",66%, 12 MP4K1 Year Manufacturer Warranty
915,FUJIFILM Instax Treasure Box Mini 11 Instant Camera,4.4,"₹6,499","₹8,499",23%, AutomaticView Finder
916,FUJIFILM Instax Mini 11 Instant Camera,4.3,"₹5,999","₹7,999",25%, ManualView Finder
917,dji Osmo Action Action 4 Standard Combo Sports and Action Camera,4.5,"₹32,990","₹44,990",26%, 12 MP4K1 Year Warranty
918,Canon EOS 1500D DSLR Camera Body+ 18,4.5,"₹38,990","₹47,995",18%,Self-Timer
919,SONY Alpha ILCE,4.6,"₹61,489","₹75,990",19%,High-resolution 4K movie recording
920,GoPro HERO12 DualLCDScreens 5.3K60 UltraHDVideo HyperSmooth 6.0withAutoBoostWaterproof Sports and Acti...,4.1,"₹38,990","₹45,000",13%, 27 MP5K2 Years Warranty
921,dji OSMO Action 3 Standard Combo Sports and Action Camera,4.4,"₹22,990","₹34,999",34%, 12 MP4K1 Year Manufacturer Warranty
922,"Canon EOS 3000D DSLR Camera 1 Body, 18",4.4,"₹31,990","₹35,995",11%,Self-Timer
923,FUJIFILM Instax Mini 11 Instant Camera,4.3,"₹5,999","₹7,999",25%, ManualView Finder
924,dji OSMO Action 3 Adventure Combo Sports and Action Camera,4.4,"₹31,990","₹44,999",28%, 12 MP4K1 Year Manufacturer Warranty
925,SONY Alpha ILCE,4.6,"₹74,489","₹90,990",18%,4K movies and pro-level features
926,Insta360 Action Camera X3 Sports and Action Camera,4.4,"₹39,990","₹51,999",23%, 72 MPHDR1 Year Manufacturer Warranty
927,NIKON D7500 DSLR Camera Body with 18,4.6,"₹72,990","₹94,950",23%,4K UHD
928,DIGITEK GoCAM DAC,3.5,"₹8,999","₹14,995",39%, 48 MP5K1 year carry in warranty
929,DIGITEK GoCAM DAC,3.6,"₹6,499","₹10,995",40%, 24 MP4K1 year carry in warranty
930,Insta360 X4 Sports and Action Camera,4.4,"₹54,990","₹59,990",8%, 72 MPHDR1 Year Warranty
931,FUJIFILM Instax Treasure Box Mini 11 Instant Camera,4.4,"₹6,499","₹8,499",23%, AutomaticView Finder
932,SONY Alpha ILCE,4.6,"₹65,489","₹80,490",18%,4K movies and pro-level features
933,Henzila E99 TOY Drone,4,"₹2,499","₹9,999",75%, Professional DroneControl Range
934,FUJIFILM Instax Treasure Box Mini 11 Instant Camera,4.4,"₹6,499","₹8,499",23%, AutomaticView Finder
935,dji Osmo OSMO POCKET 2 Sports and Action Camera,4.3,"₹24,990","₹34,990",28%, 64 MP4K1 Year Warranty
